-- Generated through https://tableconvert.com/excel-to-sql#google_vignette
INSERT INTO client (ClientID, Company, Country, State, City, Street) VALUES ('16699', 'A Corporation', 'United States', 'HI', 'Honolulu', '5574 Eu Street');
INSERT INTO client (ClientID, Company, Country, State, City, Street) VALUES ('74955', 'A Mi Foundation', 'United States', 'CO', 'Fort Collins', '983-4649 Tincidunt Ave');
INSERT INTO client (ClientID, Company, Country, State, City, Street) VALUES ('36342', 'A Odio PC', 'United States', 'AL', 'Birmingham', '282-3573 Gravida. Road');
INSERT INTO client (ClientID, Company, Country, State, City, Street) VALUES ('75878', 'Ac Incorporated', 'United States', 'KY', 'Covington', 'Ap #780-9193 Faucibus Rd.');
INSERT INTO client (ClientID, Company, Country, State, City, Street) VALUES ('94080', 'Ac Institute', 'United States', 'Delaware', 'Wilmington', '836-2499 Aliquet Road');
INSERT INTO client (ClientID, Company, Country, State, City, Street) VALUES ('13922', 'Ac Orci PC', 'United States', 'GA', 'Atlanta', 'P.O. Box 596, 3765 Placerat, Rd.');
INSERT INTO client (ClientID, Company, Country, State, City, Street) VALUES ('94091', 'Accumsan Laoreet Institute', 'Canada', 'QC', 'Anjou', 'P.O. Box 910, 679 A St.');
INSERT INTO client (ClientID, Company, Country, State, City, Street) VALUES ('94135', 'Adipiscing Mauris Corporation', 'Canada', 'BC', 'Victoria', '6602 Quisque Rd.');
INSERT INTO client (ClientID, Company, Country, State, City, Street) VALUES ('37624', 'Aenean Limited', 'United States', 'VA', 'Norfolk', 'Ap #553-5219 Egestas. Rd.');
INSERT INTO client (ClientID, Company, Country, State, City, Street) VALUES ('94100', 'Aenean Massa Integer Foundation', 'Canada', 'QC', 'Saint-Urbain', '8698 Interdum Street');
INSERT INTO client (ClientID, Company, Country, State, City, Street) VALUES ('62202', 'Aliquam Enim Nec Associates', 'United States', 'CO', 'Hartford', '688-1126 Tristique Street');
INSERT INTO client (ClientID, Company, Country, State, City, Street) VALUES ('86552', 'Aliquam Ultrices Consulting', 'United States', 'AZ', 'Mesa', 'Ap #184-8968 Vitae Street');
INSERT INTO client (ClientID, Company, Country, State, City, Street) VALUES ('37155', 'Aliquam Vulputate Ullamcorper Corporation', 'United States', 'IN', 'Indianapolis', 'Ap #293-3561 Eu St.');
INSERT INTO client (ClientID, Company, Country, State, City, Street) VALUES ('51444', 'Aliquet Odio Etiam Ltd', 'United States', 'IA', 'Des Moines', 'P.O. Box 158, 9397 Fames Rd.');
INSERT INTO client (ClientID, Company, Country, State, City, Street) VALUES ('88291', 'Amet Ltd', 'United States', 'MA', 'Augusta', '974-1418 Feugiat Street');
INSERT INTO client (ClientID, Company, Country, State, City, Street) VALUES ('76555', 'Amet Ultricies Sem Consulting', 'United States', 'MN', 'Duluth', '225-5750 Magna Avenue');
INSERT INTO client (ClientID, Company, Country, State, City, Street) VALUES ('76112', 'Ante Corporation', 'United States', 'IN', 'Indianapolis', '428-9202 Quisque Street');
INSERT INTO client (ClientID, Company, Country, State, City, Street) VALUES ('94076', 'Ante Vivamus Non Associates', 'United States', 'WY', 'Casper', 'P.O. Box 595, 2425 Eu St.');
INSERT INTO client (ClientID, Company, Country, State, City, Street) VALUES ('91657', 'Aptent Taciti Inc.', 'United States', '"ID"', 'Boise', 'Ap #828-6253 Ante. Avenue');
INSERT INTO client (ClientID, Company, Country, State, City, Street) VALUES ('94130', 'Aptent Taciti Sociosqu Foundation', 'Canada', 'BC', 'Burnaby', 'P.O. Box 450, 9499 Maecenas Street');
INSERT INTO client (ClientID, Company, Country, State, City, Street) VALUES ('94051', 'Arcu Consulting', 'United States', 'CA', 'Fresno', '238-3538 Duis Road');
INSERT INTO client (ClientID, Company, Country, State, City, Street) VALUES ('33740', 'At Augue Institute', 'United States', 'NV', 'Paradise', 'Ap #760-966 Non Street');
INSERT INTO client (ClientID, Company, Country, State, City, Street) VALUES ('94156', 'Augue Company', 'Canada', 'YT', 'Watson Lake', 'Ap #931-3974 Sem St.');
INSERT INTO client (ClientID, Company, Country, State, City, Street) VALUES ('94056', 'Augue PC', 'United States', 'OR', 'Salem', 'P.O. Box 282, 191 Diam. Avenue');
INSERT INTO client (ClientID, Company, Country, State, City, Street) VALUES ('94141', 'Blandit Mattis Cras LLC', 'Canada', 'NU', 'Arviat', 'Ap #954-7164 Dui Rd.');
INSERT INTO client (ClientID, Company, Country, State, City, Street) VALUES ('76531', 'Blandit Nam Company', 'United States', 'IL', 'Joliet', '2808 Quisque Street');
INSERT INTO client (ClientID, Company, Country, State, City, Street) VALUES ('30369', 'Commodo At Libero Foundation', 'United States', 'MI', 'Columbia', 'Ap #544-474 Imperdiet Avenue');
INSERT INTO client (ClientID, Company, Country, State, City, Street) VALUES ('21130', 'Commodo Ipsum Corporation', 'United States', 'CT', 'Bridgeport', 'Ap #518-5592 Pellentesque. Rd.');
INSERT INTO client (ClientID, Company, Country, State, City, Street) VALUES ('43810', 'Consequat Auctor Nunc Associates', 'United States', 'IL', 'Chicago', '127-3511 Consectetuer, Street');
INSERT INTO client (ClientID, Company, Country, State, City, Street) VALUES ('49578', 'Conubia Industries', 'United States', 'ME', 'Portland', 'Ap #577-1397 Et Av.');
INSERT INTO client (ClientID, Company, Country, State, City, Street) VALUES ('94062', 'Convallis In LLP', 'Canada', 'NL', 'Fortune', '859-8067 Tempor Street');
INSERT INTO client (ClientID, Company, Country, State, City, Street) VALUES ('94053', 'Convallis Ligula Donec Associates', 'United States', 'MO', 'Jefferson City', '690-6754 Semper. Rd.');
INSERT INTO client (ClientID, Company, Country, State, City, Street) VALUES ('58225', 'Cras Company', 'United States', 'WA', 'Seattle', '4904 Sapien St.');
INSERT INTO client (ClientID, Company, Country, State, City, Street) VALUES ('12276', 'Cras Eu Tellus Corporation', 'United States', 'WI', 'Madison', '791-5890 Arcu Road');
INSERT INTO client (ClientID, Company, Country, State, City, Street) VALUES ('13959', 'Curabitur Limited', 'United States', 'LA', 'Metairie', 'Ap #576-8201 Suspendisse Rd.');
INSERT INTO client (ClientID, Company, Country, State, City, Street) VALUES ('94111', 'Curabitur Vel Associates', 'Canada', 'MB', 'Flin Flon', 'Ap #811-6798 Sapien Av.');
INSERT INTO client (ClientID, Company, Country, State, City, Street) VALUES ('94120', 'Cursus Ltd', 'Canada', 'SK', 'Weyburn', 'Ap #487-2182 Sapien Rd.');
INSERT INTO client (ClientID, Company, Country, State, City, Street) VALUES ('15280', 'Cursus Ltd', 'United States', 'KY', 'Lexington', 'Ap #815-6728 Libero. Rd.');
INSERT INTO client (ClientID, Company, Country, State, City, Street) VALUES ('63742', 'Cursus Luctus Institute', 'United States', 'VA', 'Richmond', 'P.O. Box 119, 2215 Adipiscing Rd.');
INSERT INTO client (ClientID, Company, Country, State, City, Street) VALUES ('91397', 'Dapibus Foundation', 'United States', 'FL', 'St. Petersburg', 'Ap #145-4225 Vehicula. Rd.');
INSERT INTO client (ClientID, Company, Country, State, City, Street) VALUES ('51760', 'Diam Eu Dolor Limited', 'United States', 'WY', 'Cheyenne', '3065 Arcu. St.');
INSERT INTO client (ClientID, Company, Country, State, City, Street) VALUES ('31879', 'Diam Luctus Foundation', 'United States', 'TN', 'Memphis', '4607 Sapien. Road');
INSERT INTO client (ClientID, Company, Country, State, City, Street) VALUES ('94150', 'Diam Vel Institute', 'Canada', 'NU', 'Iqaluit', '583-3196 Mauris Street');
INSERT INTO client (ClientID, Company, Country, State, City, Street) VALUES ('94109', 'Dictum Eleifend Nunc Foundation', 'Canada', 'MB', 'Brandon', 'P.O. Box 434, 5121 Elit, Street');
INSERT INTO client (ClientID, Company, Country, State, City, Street) VALUES ('94103', 'Dignissim Associates', 'Canada', 'ON', 'St. Catharines', '642-6480 Ut, Street');
INSERT INTO client (ClientID, Company, Country, State, City, Street) VALUES ('54364', 'Dignissim Incorporated', 'United States', 'OH', 'Columbus', '581-1973 Euismod St.');
INSERT INTO client (ClientID, Company, Country, State, City, Street) VALUES ('73681', 'Dignissim Tempor Arcu Inc.', 'United States', 'GA', 'Augusta', '445-2367 Enim St.');
INSERT INTO client (ClientID, Company, Country, State, City, Street) VALUES ('29067', 'Dis Parturient LLP', 'United States', 'WI', 'Milwaukee', 'P.O. Box 484, 4339 Magna. St.');
INSERT INTO client (ClientID, Company, Country, State, City, Street) VALUES ('94146', 'Dis Parturient Montes Limited', 'United States', '"ID"', 'Boise', 'Ap #708-1697 Vulputate St.');
INSERT INTO client (ClientID, Company, Country, State, City, Street) VALUES ('14039', 'Dolor Corp.', 'United States', 'MT', 'Missoula', 'P.O. Box 382, 9504 Nibh Avenue');
INSERT INTO client (ClientID, Company, Country, State, City, Street) VALUES ('76171', 'Dolor Egestas Rhoncus Institute', 'United States', 'MD', 'Annapolis', 'P.O. Box 869, 8384 Accumsan Ave');
INSERT INTO client (ClientID, Company, Country, State, City, Street) VALUES ('61330', 'Donec At Industries', 'United States', 'WY', 'Wyoming', 'P.O. Box 547, 2301 Nisi St.');
INSERT INTO client (ClientID, Company, Country, State, City, Street) VALUES ('77548', 'Donec Consectetuer Mauris Incorporated', 'United States', 'TX', 'San Antonio', 'Ap #548-8017 Ultrices Rd.');
INSERT INTO client (ClientID, Company, Country, State, City, Street) VALUES ('72809', 'Donec Corp.', 'United States', 'AR', 'Fort Smith', '5262 Molestie Street');
INSERT INTO client (ClientID, Company, Country, State, City, Street) VALUES ('94132', 'Donec Dignissim Limited', 'Canada', 'BC', 'Smithers', 'Ap #603-1994 At Road');
INSERT INTO client (ClientID, Company, Country, State, City, Street) VALUES ('83258', 'Donec Elementum Lorem Corp.', 'United States', 'TN', 'Knoxville', '4929 Sociis Road');
INSERT INTO client (ClientID, Company, Country, State, City, Street) VALUES ('94060', 'Donec Elementum Lorem Institute', 'Canada', 'NL', 'Mount Pearl', '927-7362 Aliquam Street');
INSERT INTO client (ClientID, Company, Country, State, City, Street) VALUES ('19366', 'Dui Company', 'United States', 'TN', 'Clarksville', '266-1793 Neque Av.');
INSERT INTO client (ClientID, Company, Country, State, City, Street) VALUES ('32692', 'Dui Cum Sociis Foundation', 'United States', 'FL', 'Jacksonville', '4740 Sed Street');
INSERT INTO client (ClientID, Company, Country, State, City, Street) VALUES ('29822', 'Dui Foundation', 'United States', 'WA', 'Olympia', 'P.O. Box 628, 8328 Non, Ave');
INSERT INTO client (ClientID, Company, Country, State, City, Street) VALUES ('94055', 'Dui Inc.', 'United States', 'MO', 'Independence', 'P.O. Box 559, 4474 Integer Rd.');
INSERT INTO client (ClientID, Company, Country, State, City, Street) VALUES ('54526', 'Dui Incorporated', 'United States', '"ID"', 'Nampa', '213-763 Etiam Rd.');
INSERT INTO client (ClientID, Company, Country, State, City, Street) VALUES ('25066', 'Duis Sit Ltd', 'United States', 'TN', 'Chattanooga', '6230 Egestas. Street');
INSERT INTO client (ClientID, Company, Country, State, City, Street) VALUES ('48441', 'Duis Volutpat Industries', 'United States', 'CO', 'Denver', '809-1010 Ligula Road');
INSERT INTO client (ClientID, Company, Country, State, City, Street) VALUES ('32364', 'Egestas Aliquam Fringilla Industries', 'United States', 'IL', 'Aurora', '9155 Feugiat. Rd.');
INSERT INTO client (ClientID, Company, Country, State, City, Street) VALUES ('94067', 'Egestas Company', 'Canada', 'NS', 'Argyle', '423-1040 Fringilla Av.');
INSERT INTO client (ClientID, Company, Country, State, City, Street) VALUES ('42130', 'Egestas Sed Pharetra Limited', 'United States', 'MS', 'Jackson', 'Ap #230-1854 Velit. Rd.');
INSERT INTO client (ClientID, Company, Country, State, City, Street) VALUES ('32419', 'Eget Corp.', 'United States', 'Delaware', 'Wilmington', '9849 Ullamcorper Rd.');
INSERT INTO client (ClientID, Company, Country, State, City, Street) VALUES ('94113', 'Eget Corporation', 'Canada', 'SK', 'Estevan', '5827 Dignissim. Ave');
INSERT INTO client (ClientID, Company, Country, State, City, Street) VALUES ('91158', 'Eget Metus Eu Consulting', 'United States', 'GA', 'Athens', '567-8909 Nunc Rd.');
INSERT INTO client (ClientID, Company, Country, State, City, Street) VALUES ('11518', 'Eget Venenatis A Incorporated', 'United States', 'OK', 'Oklahoma City', 'P.O. Box 724, 3695 Maecenas Street');
INSERT INTO client (ClientID, Company, Country, State, City, Street) VALUES ('94047', 'Eleifend Company', 'United States', 'OK', 'Tulsa', '217-1991 Quisque Road');
INSERT INTO client (ClientID, Company, Country, State, City, Street) VALUES ('39896', 'Eleifend Egestas Foundation', 'United States', 'TX', 'Houston', '206-7311 Faucibus St.');
INSERT INTO client (ClientID, Company, Country, State, City, Street) VALUES ('88305', 'Eleifend Vitae Foundation', 'United States', 'GA', 'Georgia', '7634 Quis St.');
INSERT INTO client (ClientID, Company, Country, State, City, Street) VALUES ('93816', 'Elementum Purus Inc.', 'United States', 'CA', 'Sacramento', 'Ap #960-6162 Molestie Road');
INSERT INTO client (ClientID, Company, Country, State, City, Street) VALUES ('72078', 'Elit Corporation', 'United States', 'AR', 'Springdale', '7075 Vitae Av.');
INSERT INTO client (ClientID, Company, Country, State, City, Street) VALUES ('88580', 'Enim Institute', 'United States', 'GA', 'Kailua', 'P.O. Box 597, 2530 Sit Ave');
INSERT INTO client (ClientID, Company, Country, State, City, Street) VALUES ('14706', 'Enim LLC', 'United States', 'HI', 'Honolulu', 'Ap #364-3324 Non Street');
INSERT INTO client (ClientID, Company, Country, State, City, Street) VALUES ('94101', 'Erat In Foundation', 'Canada', 'ON', 'Guelph', 'P.O. Box 118, 3948 Mattis. Rd.');
INSERT INTO client (ClientID, Company, Country, State, City, Street) VALUES ('71932', 'Erat Volutpat Nulla Incorporated', 'United States', 'LA', 'Metairie', 'Ap #658-7528 Iaculis, Ave');
INSERT INTO client (ClientID, Company, Country, State, City, Street) VALUES ('36174', 'Eros LLC', 'United States', 'AL', 'Birmingham', '963-4363 Arcu. Ave');
INSERT INTO client (ClientID, Company, Country, State, City, Street) VALUES ('18539', 'Est Nunc Associates', 'United States', 'PA', 'Allentown', 'Ap #559-788 Et, St.');
INSERT INTO client (ClientID, Company, Country, State, City, Street) VALUES ('13543', 'Est Tempor Bibendum Foundation', 'United States', 'MN', 'Rochester', 'Ap #191-9544 In, Road');
INSERT INTO client (ClientID, Company, Country, State, City, Street) VALUES ('57082', 'Et Corporation', 'United States', 'MT', 'Butte', 'Ap #750-5761 Turpis. Road');
INSERT INTO client (ClientID, Company, Country, State, City, Street) VALUES ('26001', 'Et Euismod Et Associates', 'United States', 'UT', 'West Jordan', '366-9525 Dui, Av.');
INSERT INTO client (ClientID, Company, Country, State, City, Street) VALUES ('56050', 'Et Institute', 'United States', 'Delaware', 'Newark', 'Ap #293-5202 Nullam Road');
INSERT INTO client (ClientID, Company, Country, State, City, Street) VALUES ('72558', 'Et Netus Associates', 'United States', 'AR', 'Fayetteville', 'Ap #764-9540 Neque. Rd.');
INSERT INTO client (ClientID, Company, Country, State, City, Street) VALUES ('94048', 'Et Netus Company', 'United States', 'CA', 'Fresno', 'Ap #666-5615 Nam Rd.');
INSERT INTO client (ClientID, Company, Country, State, City, Street) VALUES ('33280', 'Et Netus Et Corp.', 'United States', 'VT', 'South Burlington', '635-3291 Vitae Street');
INSERT INTO client (ClientID, Company, Country, State, City, Street) VALUES ('25105', 'Et Nunc Inc.', 'United States', 'MO', 'Independence', '5917 Luctus St.');
INSERT INTO client (ClientID, Company, Country, State, City, Street) VALUES ('94157', 'Et Ultrices Posuere Corporation', 'Canada', 'YT', 'Whitehorse', 'P.O. Box 488, 2665 Dapibus Av.');
INSERT INTO client (ClientID, Company, Country, State, City, Street) VALUES ('94136', 'Etiam Bibendum Industries', 'Canada', 'BC', 'Delta', 'P.O. Box 268, 8903 Auctor. St.');
INSERT INTO client (ClientID, Company, Country, State, City, Street) VALUES ('24635', 'Etiam Laoreet Libero Company', 'United States', 'NV', 'North Las Vegas', '169-6204 Aliquam St.');
INSERT INTO client (ClientID, Company, Country, State, City, Street) VALUES ('94155', 'Etiam Ligula Tortor Industries', 'Canada', 'YT', 'Whitehorse', 'Ap #560-9289 Nunc Road');
INSERT INTO client (ClientID, Company, Country, State, City, Street) VALUES ('50473', 'Eu Limited', 'United States', 'WI', 'Milwaukee', 'P.O. Box 411, 516 Curabitur Road');
INSERT INTO client (ClientID, Company, Country, State, City, Street) VALUES ('94115', 'Eu Tellus Corporation', 'Canada', 'SK', 'Lang', '708-8674 Aenean Ave');
INSERT INTO client (ClientID, Company, Country, State, City, Street) VALUES ('94104', 'Euismod Et Foundation', 'Canada', 'MB', 'Brandon', '949-7764 In Avenue');
INSERT INTO client (ClientID, Company, Country, State, City, Street) VALUES ('18850', 'Euismod In LLC', 'United States', 'MT', 'Missoula', 'P.O. Box 839, 9025 Faucibus Rd.');
INSERT INTO client (ClientID, Company, Country, State, City, Street) VALUES ('88624', 'Felis LLC', 'United States', 'GA', 'Atlanta', '4223 Vitae Ave');
INSERT INTO client (ClientID, Company, Country, State, City, Street) VALUES ('65315', 'Felis LLP', 'United States', 'IN', 'Gary', 'P.O. Box 706, 6135 Orci. Road');
INSERT INTO client (ClientID, Company, Country, State, City, Street) VALUES ('40906', 'Feugiat Non Lobortis Associates', 'United States', 'MS', 'Hattiesburg', '1172 Libero St.');
INSERT INTO client (ClientID, Company, Country, State, City, Street) VALUES ('42439', 'Fringilla Est Mauris Limited', 'United States', 'UT', 'Sandy', '771-490 Vulputate St.');
INSERT INTO client (ClientID, Company, Country, State, City, Street) VALUES ('94107', 'Fringilla Euismod Enim Limited', 'Canada', 'MB', 'Daly', '518-3931 Lorem Rd.');
INSERT INTO client (ClientID, Company, Country, State, City, Street) VALUES ('30666', 'Fringilla Ornare PC', 'United States', 'IN', 'Fort Wayne', 'Ap #441-7496 Primis Av.');
INSERT INTO client (ClientID, Company, Country, State, City, Street) VALUES ('94085', 'Gravida Ltd', 'Canada', 'NB', 'Campbellton', '6384 Tortor Street');
INSERT INTO client (ClientID, Company, Country, State, City, Street) VALUES ('55783', 'Gravida Non Sollicitudin Associates', 'United States', 'KS', 'Overland Park', '5218 Nec Av.');
INSERT INTO client (ClientID, Company, Country, State, City, Street) VALUES ('64247', 'Gravida Sit Amet Institute', 'United States', 'VA', 'Norfolk', '3636 Morbi Rd.');
INSERT INTO client (ClientID, Company, Country, State, City, Street) VALUES ('61746', 'Hendrerit A Institute', 'United States', 'TX', 'San Antonio', '978-9049 Sit Road');
INSERT INTO client (ClientID, Company, Country, State, City, Street) VALUES ('86837', 'Hendrerit Donec Porttitor Industries', 'United States', 'AZ', 'Tucson', 'Ap #387-945 Massa. Rd.');
INSERT INTO client (ClientID, Company, Country, State, City, Street) VALUES ('74046', 'Hymenaeos Corp.', 'United States', 'MS', 'Hattiesburg', '7048 Dui, Road');
INSERT INTO client (ClientID, Company, Country, State, City, Street) VALUES ('17955', 'In Company', 'United States', '"ID"', 'Idaho Falls', '1255 Vehicula Road');
INSERT INTO client (ClientID, Company, Country, State, City, Street) VALUES ('42615', 'In Lorem Donec Ltd', 'United States', 'PA', 'Erie', 'Ap #816-2240 Pellentesque. Rd.');
INSERT INTO client (ClientID, Company, Country, State, City, Street) VALUES ('77508', 'Integer Associates', 'United States', 'Delaware', 'Newark', 'Ap #927-1841 Nunc Avenue');
INSERT INTO client (ClientID, Company, Country, State, City, Street) VALUES ('94119', 'Integer Industries', 'Canada', 'SK', 'Calder', 'Ap #151-6162 Orci, St.');
INSERT INTO client (ClientID, Company, Country, State, City, Street) VALUES ('94147', 'Interdum Ltd', 'Canada', 'NU', 'Arviat', '9917 Magna, Rd.');
INSERT INTO client (ClientID, Company, Country, State, City, Street) VALUES ('59739', 'Ipsum Porta Elit Institute', 'United States', 'ME', 'Portland', '507-8841 Dictum St.');
INSERT INTO client (ClientID, Company, Country, State, City, Street) VALUES ('72274', 'Lacinia Corporation', 'United States', 'TN', 'Clarksville', 'P.O. Box 462, 4191 Dolor. St.');
INSERT INTO client (ClientID, Company, Country, State, City, Street) VALUES ('66937', 'Lacinia Sed Institute', 'United States', '"ID"', 'Boise', '5582 Vel Rd.');
INSERT INTO client (ClientID, Company, Country, State, City, Street) VALUES ('94059', 'Lacus Pede Sagittis Ltd', 'United States', 'AK', 'College', '1811 Morbi St.');
INSERT INTO client (ClientID, Company, Country, State, City, Street) VALUES ('94089', 'Lacus Quisque Imperdiet Foundation', 'Canada', 'NB', 'Miramichi', '4270 Nisl St.');
INSERT INTO client (ClientID, Company, Country, State, City, Street) VALUES ('14076', 'Lacus Quisque Purus Institute', 'United States', 'LA', 'Shreveport', '9829 Sit St.');
INSERT INTO client (ClientID, Company, Country, State, City, Street) VALUES ('94118', 'Laoreet Posuere Enim Corporation', 'Canada', 'SK', 'Weyburn', 'Ap #511-2912 Risus. Rd.');
INSERT INTO client (ClientID, Company, Country, State, City, Street) VALUES ('94099', 'Lectus Associates', 'Canada', 'QC', 'Notre-Dame-du-Nord', 'Ap #122-9950 Arcu. Avenue');
INSERT INTO client (ClientID, Company, Country, State, City, Street) VALUES ('94054', 'Lectus Foundation', 'United States', 'TN', 'Chattanooga', '433-2058 Elit Rd.');
INSERT INTO client (ClientID, Company, Country, State, City, Street) VALUES ('94102', 'Leo Consulting', 'Canada', 'ON', 'Russell', 'P.O. Box 726, 7981 Tristique Street');
INSERT INTO client (ClientID, Company, Country, State, City, Street) VALUES ('94096', 'Ligula Incorporated', 'Canada', 'QC', 'Montreal', 'Ap #237-873 Fusce St.');
INSERT INTO client (ClientID, Company, Country, State, City, Street) VALUES ('59430', 'Lobortis Corp.', 'United States', 'MD', 'Columbia', 'P.O. Box 225, 8127 Eget Avenue');
INSERT INTO client (ClientID, Company, Country, State, City, Street) VALUES ('45366', 'Lorem Auctor Associates', 'United States', 'KS', 'Topeka', 'P.O. Box 771, 9626 Nec Rd.');
INSERT INTO client (ClientID, Company, Country, State, City, Street) VALUES ('10527', 'Lorem Eu Inc.', 'United States', 'WA', 'Bellevue', 'Ap #826-9163 Purus, Avenue');
INSERT INTO client (ClientID, Company, Country, State, City, Street) VALUES ('59805', 'Lorem Ipsum LLP', 'United States', 'IL', 'Rockford', 'P.O. Box 977, 8713 Pulvinar St.');
INSERT INTO client (ClientID, Company, Country, State, City, Street) VALUES ('31606', 'Lorem LLP', 'United States', 'KA', 'Topeka', 'P.O. Box 699, 9759 Fermentum St.');
INSERT INTO client (ClientID, Company, Country, State, City, Street) VALUES ('94052', 'Lorem Tristique Associates', 'United States', 'CA', 'Fresno', '2520 Rhoncus. St.');
INSERT INTO client (ClientID, Company, Country, State, City, Street) VALUES ('94117', 'Luctus Limited', 'Canada', 'SK', 'Assiniboia', 'Ap #162-6670 Sed Rd.');
INSERT INTO client (ClientID, Company, Country, State, City, Street) VALUES ('94122', 'Magna Foundation', 'Canada', 'AB', 'Raymond', 'P.O. Box 706, 9886 Urna. St.');
INSERT INTO client (ClientID, Company, Country, State, City, Street) VALUES ('82131', 'Magna Incorporated', 'United States', 'GA', 'Columbus', '171 Et, St.');
INSERT INTO client (ClientID, Company, Country, State, City, Street) VALUES ('94083', 'Magna LLP', 'Canada', 'NB', 'Moncton', '381-6606 Nam Street');
INSERT INTO client (ClientID, Company, Country, State, City, Street) VALUES ('53225', 'Magna Suspendisse Corp.', 'United States', 'PA', 'Harrisburg', 'P.O. Box 451, 6437 Pede, Street');
INSERT INTO client (ClientID, Company, Country, State, City, Street) VALUES ('85690', 'Magnis Dis Consulting', 'United States', 'AZ', 'Phoenix', 'Ap #267-2756 Egestas Street');
INSERT INTO client (ClientID, Company, Country, State, City, Street) VALUES ('94121', 'Malesuada Malesuada Industries', 'Canada', 'AB', 'Spruce Grove', '3715 Mauris Road');
INSERT INTO client (ClientID, Company, Country, State, City, Street) VALUES ('94116', 'Mattis Inc.', 'Canada', 'SK', 'Langenburg', 'P.O. Box 959, 5675 Sollicitudin St.');
INSERT INTO client (ClientID, Company, Country, State, City, Street) VALUES ('20002', 'Mattis PC', 'United States', 'NV', 'Henderson', 'P.O. Box 606, 6857 Porttitor Ave');
INSERT INTO client (ClientID, Company, Country, State, City, Street) VALUES ('94069', 'Mauris Company', 'Canada', 'NS', 'Berwick', 'Ap #347-219 Ac St.');
INSERT INTO client (ClientID, Company, Country, State, City, Street) VALUES ('94088', 'Mauris Industries', 'Canada', 'NB', 'Saint John', 'P.O. Box 645, 8247 Neque Avenue');
INSERT INTO client (ClientID, Company, Country, State, City, Street) VALUES ('94133', 'Mauris LLP', 'Canada', 'BC', 'Fernie', '413-289 Mus. Ave');
INSERT INTO client (ClientID, Company, Country, State, City, Street) VALUES ('37535', 'Metus Urna Incorporated', 'United States', 'NV', 'Las Vegas', 'Ap #511-6142 Ornare, St.');
INSERT INTO client (ClientID, Company, Country, State, City, Street) VALUES ('94057', 'Mi Aliquam Company', 'United States', 'AK', 'Fairbanks', '218-1326 Libero. Road');
INSERT INTO client (ClientID, Company, Country, State, City, Street) VALUES ('43984', 'Mi Duis Limited', 'United States', 'CO', 'Colorado Springs', 'P.O. Box 547, 3381 Sodales Rd.');
INSERT INTO client (ClientID, Company, Country, State, City, Street) VALUES ('94144', 'Mi Fringilla Associates', 'Canada', 'NU', 'Gjoa Haven', '725-514 Tincidunt St.');
INSERT INTO client (ClientID, Company, Country, State, City, Street) VALUES ('94071', 'Mi Lacinia Mattis Foundation', 'Canada', 'NS', 'Annapolis Royal', 'Ap #692-8048 Mauris Av.');
INSERT INTO client (ClientID, Company, Country, State, City, Street) VALUES ('35123', 'Mi Lorem Associates', 'United States', 'KA', 'Wichita', '9219 Sed St.');
INSERT INTO client (ClientID, Company, Country, State, City, Street) VALUES ('69636', 'Mi Ltd', 'United States', 'CT', 'Stamford', 'P.O. Box 742, 4462 Eu Rd.');
INSERT INTO client (ClientID, Company, Country, State, City, Street) VALUES ('94154', 'Molestie In Incorporated', 'Canada', 'YT', 'Whitehorse', 'Ap #350-4851 Nulla St.');
INSERT INTO client (ClientID, Company, Country, State, City, Street) VALUES ('12946', 'Montes Inc.', 'United States', 'OH', 'Akron', 'P.O. Box 256, 6118 Erat Ave');
INSERT INTO client (ClientID, Company, Country, State, City, Street) VALUES ('94073', 'Montes Nascetur Ridiculus Inc.', 'Canada', 'NL', 'Harbour Grace', '7668 Congue Road');
INSERT INTO client (ClientID, Company, Country, State, City, Street) VALUES ('26875', 'Morbi Accumsan Foundation', 'United States', 'VA', 'Newport News', 'P.O. Box 414, 2942 Velit. Road');
INSERT INTO client (ClientID, Company, Country, State, City, Street) VALUES ('63227', 'Morbi Incorporated', 'United States', 'OH', 'Columbus', '519-5146 Facilisis. St.');
INSERT INTO client (ClientID, Company, Country, State, City, Street) VALUES ('94105', 'Mus LLP', 'Canada', 'MB', 'Lourdes', 'P.O. Box 272, 6949 Neque. Av.');
INSERT INTO client (ClientID, Company, Country, State, City, Street) VALUES ('61448', 'Mus Proin Vel Inc.', 'United States', 'IL', 'Naperville', '356-4537 Porta Ave');
INSERT INTO client (ClientID, Company, Country, State, City, Street) VALUES ('88700', 'Nam Porttitor Scelerisque Consulting', 'United States', 'UT', 'Salt Lake City', 'P.O. Box 827, 9599 Sed, Av.');
INSERT INTO client (ClientID, Company, Country, State, City, Street) VALUES ('94153', 'Natoque Penatibus LLC', 'Canada', 'NU', 'Cambridge Bay', 'Ap #956-6345 Ultrices. Road');
INSERT INTO client (ClientID, Company, Country, State, City, Street) VALUES ('94127', 'Nec Diam Associates', 'Canada', 'AB', 'Edmonton', 'P.O. Box 754, 9203 Vulputate St.');
INSERT INTO client (ClientID, Company, Country, State, City, Street) VALUES ('23332', 'Nec Luctus Felis PC', 'United States', 'NE', 'Bellevue', 'Ap #565-2200 Euismod St.');
INSERT INTO client (ClientID, Company, Country, State, City, Street) VALUES ('18105', 'Nec Metus Corp.', 'United States', 'WY', 'Casper', 'P.O. Box 973, 7729 Sit Av.');
INSERT INTO client (ClientID, Company, Country, State, City, Street) VALUES ('94114', 'Nec Metus Facilisis Ltd', 'Canada', 'SK', 'Langenburg', '9430 Arcu Rd.');
INSERT INTO client (ClientID, Company, Country, State, City, Street) VALUES ('71567', 'Nec Mollis Foundation', 'United States', 'IN', 'Gary', 'P.O. Box 736, 6578 Egestas St.');
INSERT INTO client (ClientID, Company, Country, State, City, Street) VALUES ('61285', 'Nec Orci Institute', 'United States', 'MN', 'Duluth', '2912 Nulla St.');
INSERT INTO client (ClientID, Company, Country, State, City, Street) VALUES ('20559', 'Neque Nullam Ut LLC', 'United States', 'TN', 'Chattanooga', 'P.O. Box 605, 5430 Amet Av.');
INSERT INTO client (ClientID, Company, Country, State, City, Street) VALUES ('94124', 'Neque Tellus Inc.', 'Canada', 'AB', 'Edmonton', 'Ap #722-9472 Enim, Av.');
INSERT INTO client (ClientID, Company, Country, State, City, Street) VALUES ('75712', 'Nibh Consulting', 'United States', 'ME', 'Bangor', 'P.O. Box 885, 1289 Nonummy Avenue');
INSERT INTO client (ClientID, Company, Country, State, City, Street) VALUES ('50430', 'Nibh Vulputate Mauris Consulting', 'United States', 'OH', 'Cincinnati', '249-603 Elit, Rd.');
INSERT INTO client (ClientID, Company, Country, State, City, Street) VALUES ('63368', 'Nisi Corp.', 'United States', 'OK', 'Norman', '380-6319 Ante Av.');
INSERT INTO client (ClientID, Company, Country, State, City, Street) VALUES ('73936', 'Nisi Inc.', 'United States', 'UT', 'West Jordan', '3787 Pede St.');
INSERT INTO client (ClientID, Company, Country, State, City, Street) VALUES ('21345', 'Nisl Elementum Incorporated', 'United States', 'IN', 'Gary', 'P.O. Box 115, 7148 Volutpat. Ave');
INSERT INTO client (ClientID, Company, Country, State, City, Street) VALUES ('88555', 'Nisl Elementum Purus PC', 'United States', 'MO', 'Saint Louis', 'Ap #877-6281 Facilisis. Rd.');
INSERT INTO client (ClientID, Company, Country, State, City, Street) VALUES ('27091', 'Non LLC', 'United States', 'MO', 'Springfield', 'Ap #468-3323 Non Avenue');
INSERT INTO client (ClientID, Company, Country, State, City, Street) VALUES ('34930', 'Non Sapien Institute', 'United States', 'LA', 'Baton Rouge', '5062 Nunc Av.');
INSERT INTO client (ClientID, Company, Country, State, City, Street) VALUES ('64237', 'Nulla Aliquet Proin Company', 'United States', 'UT', 'West Jordan', '668-4892 Mattis Street');
INSERT INTO client (ClientID, Company, Country, State, City, Street) VALUES ('64915', 'Nulla Corp.', 'United States', 'NV', 'North Las Vegas', 'P.O. Box 214, 7944 Donec Ave');
INSERT INTO client (ClientID, Company, Country, State, City, Street) VALUES ('91042', 'Nulla Eu LLC', 'United States', 'MN', 'Saint Paul', 'Ap #166-7553 Velit Rd.');
INSERT INTO client (ClientID, Company, Country, State, City, Street) VALUES ('94074', 'Nulla Facilisis Company', 'Canada', 'NB', 'Dieppe', 'P.O. Box 957, 2212 Magnis Rd.');
INSERT INTO client (ClientID, Company, Country, State, City, Street) VALUES ('16770', 'Nulla PC', 'United States', 'IA', 'Des Moines', 'P.O. Box 934, 4267 Vitae St.');
INSERT INTO client (ClientID, Company, Country, State, City, Street) VALUES ('86004', 'Nulla Tempor Augue PC', 'United States', 'AZ', 'Tucson', '392-3616 Sit Av.');
INSERT INTO client (ClientID, Company, Country, State, City, Street) VALUES ('42510', 'Nullam Ut Nisi Limited', 'United States', 'LA', 'Metairie', 'Ap #857-6037 Sagittis Av.');
INSERT INTO client (ClientID, Company, Country, State, City, Street) VALUES ('94106', 'Nunc Associates', 'Canada', 'MB', 'Beausejour', '303-2127 Eu Rd.');
INSERT INTO client (ClientID, Company, Country, State, City, Street) VALUES ('77884', 'Nunc Quis Ltd', 'United States', 'VA', 'Richmond', 'Ap #500-6011 Elit Street');
INSERT INTO client (ClientID, Company, Country, State, City, Street) VALUES ('79262', 'Nunc Sed Orci Institute', 'United States', 'UT', 'West Jordan', '1315 Donec St.');
INSERT INTO client (ClientID, Company, Country, State, City, Street) VALUES ('94064', 'Odio LLP', 'Canada', 'NL', 'Rigolet', '6126 Dictum. St.');
INSERT INTO client (ClientID, Company, Country, State, City, Street) VALUES ('94112', 'Odio Ltd', 'Canada', 'MB', 'Stonewall', 'Ap #592-5110 Dictum Rd.');
INSERT INTO client (ClientID, Company, Country, State, City, Street) VALUES ('15960', 'Odio Semper Cursus Foundation', 'United States', 'MO', 'Kansas City', '165-6754 Vitae Road');
INSERT INTO client (ClientID, Company, Country, State, City, Street) VALUES ('94070', 'Orci Adipiscing Non Inc.', 'Canada', 'NS', 'Annapolis Royal', 'P.O. Box 737, 7777 In Rd.');
INSERT INTO client (ClientID, Company, Country, State, City, Street) VALUES ('79610', 'Orci Donec LLP', 'United States', 'PA', 'Allentown', 'P.O. Box 275, 8340 Suspendisse Ave');
INSERT INTO client (ClientID, Company, Country, State, City, Street) VALUES ('94086', 'Orci Ut Semper Limited', 'Canada', 'NB', 'Campbellton', 'Ap #983-5300 Felis Street');
INSERT INTO client (ClientID, Company, Country, State, City, Street) VALUES ('27872', 'Ornare Lectus Company', 'United States', 'MS', 'Biloxi', '9126 Ultricies Rd.');
INSERT INTO client (ClientID, Company, Country, State, City, Street) VALUES ('74897', 'Ornare Lectus Corp.', 'United States', '"ID"', 'Idaho Falls', '6890 Augue Road');
INSERT INTO client (ClientID, Company, Country, State, City, Street) VALUES ('11217', 'Ornare Placerat Corporation', 'United States', 'CT', 'Waterbury', 'Ap #477-804 Egestas St.');
INSERT INTO client (ClientID, Company, Country, State, City, Street) VALUES ('60693', 'Ornare Placerat Orci Company', 'United States', 'TX', 'Dallas', '3178 Arcu. Avenue');
INSERT INTO client (ClientID, Company, Country, State, City, Street) VALUES ('94072', 'Parturient Montes Institute', 'Canada', 'NS', 'Municipal District', 'P.O. Box 941, 6663 Tempus Ave');
INSERT INTO client (ClientID, Company, Country, State, City, Street) VALUES ('94126', 'Pede Cum Sociis Inc.', 'Canada', 'AB', 'Bonnyville Municipal District', '778-9641 Duis Avenue');
INSERT INTO client (ClientID, Company, Country, State, City, Street) VALUES ('28814', 'Pede Industries', 'United States', 'Delaware', 'Pike Creek', '816 Elit, Rd.');
INSERT INTO client (ClientID, Company, Country, State, City, Street) VALUES ('94094', 'Pede LLC', 'Canada', 'QC', 'Outremont', '1575 Vestibulum, Avenue');
INSERT INTO client (ClientID, Company, Country, State, City, Street) VALUES ('94050', 'Pellentesque A Incorporated', 'United States', 'CA', 'San Francisco', 'Ap #153-9562 Non, Ave');
INSERT INTO client (ClientID, Company, Country, State, City, Street) VALUES ('72708', 'Pellentesque Company', 'United States', 'AR', 'Fayetteville', 'Ap #388-7264 Et Street');
INSERT INTO client (ClientID, Company, Country, State, City, Street) VALUES ('94046', 'Penatibus Company', 'United States', 'NV', 'North Las Vegas', 'P.O. Box 507, 378 Mi St.');
INSERT INTO client (ClientID, Company, Country, State, City, Street) VALUES ('94128', 'Per Conubia Nostra PC', 'Canada', 'AB', 'Medicine Hat', 'P.O. Box 954, 658 Diam Rd.');
INSERT INTO client (ClientID, Company, Country, State, City, Street) VALUES ('94129', 'Per Institute', 'Canada', 'AB', 'Smoky Lake', 'P.O. Box 214, 6024 Donec Avenue');
INSERT INTO client (ClientID, Company, Country, State, City, Street) VALUES ('68506', 'Pharetra Felis Corporation', 'United States', 'TN', 'Chattanooga', '792-9107 Ut Road');
INSERT INTO client (ClientID, Company, Country, State, City, Street) VALUES ('94058', 'Phasellus Dapibus Quam Consulting', 'United States', 'MO', 'Kansas City', '119-6765 Etiam Av.');
INSERT INTO client (ClientID, Company, Country, State, City, Street) VALUES ('40377', 'Phasellus Fermentum Convallis Incorporated', 'United States', 'MO', 'Jefferson City', '216-1463 Eget Av.');
INSERT INTO client (ClientID, Company, Country, State, City, Street) VALUES ('94137', 'Phasellus Ornare Fusce LLP', 'Canada', 'BC', 'Port Alice', 'Ap #409-4556 Turpis St.');
INSERT INTO client (ClientID, Company, Country, State, City, Street) VALUES ('94149', 'Placerat Associates', 'Canada', 'NU', 'Iqaluit', 'P.O. Box 495, 2081 Duis Avenue');
INSERT INTO client (ClientID, Company, Country, State, City, Street) VALUES ('94049', 'Placerat Augue Sed Ltd', 'United States', 'TX', 'Austin', '6758 Lacinia Av.');
INSERT INTO client (ClientID, Company, Country, State, City, Street) VALUES ('94142', 'Placerat Foundation', 'Canada', 'NU', 'Pangnirtung', 'P.O. Box 575, 5142 Quam. Rd.');
INSERT INTO client (ClientID, Company, Country, State, City, Street) VALUES ('94152', 'Placerat Orci Lacus Industries', 'Canada', 'NU', 'Gjoa Haven', '5052 Ut, Road');
INSERT INTO client (ClientID, Company, Country, State, City, Street) VALUES ('71739', 'Placerat Velit Quisque Consulting', 'United States', 'AR', 'Fayetteville', 'Ap #763-1379 Proin Road');
INSERT INTO client (ClientID, Company, Country, State, City, Street) VALUES ('73519', 'Porttitor Vulputate Posuere Consulting', 'United States', 'WY', 'Gillette', 'Ap #886-2700 Hendrerit. St.');
INSERT INTO client (ClientID, Company, Country, State, City, Street) VALUES ('94097', 'Posuere LLP', 'Canada', 'QC', 'Shawinigan', 'Ap #350-8934 Feugiat. St.');
INSERT INTO client (ClientID, Company, Country, State, City, Street) VALUES ('94095', 'Primis Incorporated', 'Canada', 'QC', 'Neuville', '9184 Libero Street');
INSERT INTO client (ClientID, Company, Country, State, City, Street) VALUES ('32950', 'Proin LLP', 'United States', 'CO', 'Fort Collins', '3465 Morbi Ave');
INSERT INTO client (ClientID, Company, Country, State, City, Street) VALUES ('64264', 'Proin Non Massa Company', 'United States', 'IL', 'Chicago', '147-3687 Penatibus Rd.');
INSERT INTO client (ClientID, Company, Country, State, City, Street) VALUES ('72377', 'Proin Velit PC', 'United States', 'IA', 'Iowa City', 'P.O. Box 214, 3966 Fusce Ave');
INSERT INTO client (ClientID, Company, Country, State, City, Street) VALUES ('94098', 'Purus Gravida Sagittis Corp.', 'Canada', 'QC', 'Deschambault', 'P.O. Box 439, 3389 Enim Avenue');
INSERT INTO client (ClientID, Company, Country, State, City, Street) VALUES ('94068', 'Purus Nullam Scelerisque Inc.', 'Canada', 'NS', 'New Glasgow', 'Ap #191-4919 Id, St.');
INSERT INTO client (ClientID, Company, Country, State, City, Street) VALUES ('21927', 'Quam Curabitur Foundation', 'United States', 'ME', 'Portland', 'Ap #804-3270 Maecenas Rd.');
INSERT INTO client (ClientID, Company, Country, State, City, Street) VALUES ('30118', 'Quam Elementum At Corp.', 'United States', 'Delaware', 'Wilmington', '3085 Mi St.');
INSERT INTO client (ClientID, Company, Country, State, City, Street) VALUES ('37871', 'Quis Diam Pellentesque Associates', 'United States', 'MS', 'Hattiesburg', '400-459 At, Ave');
INSERT INTO client (ClientID, Company, Country, State, City, Street) VALUES ('86467', 'Quis Massa Mauris Industries', 'United States', 'AZ', 'Phoenix', 'P.O. Box 192, 3759 Eu Rd.');
INSERT INTO client (ClientID, Company, Country, State, City, Street) VALUES ('58731', 'Quisque Tincidunt Pede Incorporated', 'United States', 'MD', 'Baltimore', 'P.O. Box 126, 4487 Quis St.');
INSERT INTO client (ClientID, Company, Country, State, City, Street) VALUES ('94134', 'Rhoncus Donec Est Company', 'Canada', 'BC', 'Richmond', '107-9949 Risus. St.');
INSERT INTO client (ClientID, Company, Country, State, City, Street) VALUES ('86134', 'Risus A Consulting', 'United States', 'AZ', 'Mesa', 'Ap #403-5615 Aenean Rd.');
INSERT INTO client (ClientID, Company, Country, State, City, Street) VALUES ('94082', 'Risus Nunc LLP', 'Canada', 'NB', 'Bathurst', 'P.O. Box 168, 9568 Mauris St.');
INSERT INTO client (ClientID, Company, Country, State, City, Street) VALUES ('94140', 'Risus Odio Institute', 'Canada', 'NU', 'Pangnirtung', '322-3376 Sociis Avenue');
INSERT INTO client (ClientID, Company, Country, State, City, Street) VALUES ('65124', 'Sagittis Foundation', 'United States', 'VT', 'Rutland', '2140 Vitae, St.');
INSERT INTO client (ClientID, Company, Country, State, City, Street) VALUES ('43429', 'Scelerisque Lorem Ipsum LLP', 'United States', 'WA', 'Bellevue', 'Ap #930-462 Nunc St.');
INSERT INTO client (ClientID, Company, Country, State, City, Street) VALUES ('94087', 'Scelerisque Mollis Foundation', 'Canada', 'NB', 'Bathurst', 'Ap #323-2081 Congue Rd.');
INSERT INTO client (ClientID, Company, Country, State, City, Street) VALUES ('94125', 'Sed Associates', 'Canada', 'AB', 'Pincher Creek', 'P.O. Box 452, 3970 In Rd.');
INSERT INTO client (ClientID, Company, Country, State, City, Street) VALUES ('60327', 'Sed Dictum Proin Associates', 'United States', 'FL', 'Tallahassee', 'P.O. Box 400, 8893 Aliquet Street');
INSERT INTO client (ClientID, Company, Country, State, City, Street) VALUES ('23246', 'Sed Dictum Proin Associates', 'United States', 'IA', 'Sioux City', '617 Vestibulum Rd.');
INSERT INTO client (ClientID, Company, Country, State, City, Street) VALUES ('94123', 'Sed Orci Lobortis Foundation', 'Canada', 'AB', 'Bowden', '1104 Nibh Street');
INSERT INTO client (ClientID, Company, Country, State, City, Street) VALUES ('33220', 'Sed Sapien Inc.', 'United States', 'VA', 'Richmond', 'Ap #801-659 Non, Avenue');
INSERT INTO client (ClientID, Company, Country, State, City, Street) VALUES ('90897', 'Sed Tortor Integer LLP', 'United States', 'VA', 'Chesapeake', 'Ap #726-6637 Risus. Rd.');
INSERT INTO client (ClientID, Company, Country, State, City, Street) VALUES ('94108', 'Sem Molestie Sodales PC', 'Canada', 'MB', 'Stonewall', '949-2902 Lorem Street');
INSERT INTO client (ClientID, Company, Country, State, City, Street) VALUES ('77560', 'Semper Dui Associates', 'United States', 'WI', 'Green Bay', 'Ap #696-257 Vulputate Ave');
INSERT INTO client (ClientID, Company, Country, State, City, Street) VALUES ('15818', 'Sit Foundation', 'United States', 'FL', 'Orlando', '512-3695 Sed Street');
INSERT INTO client (ClientID, Company, Country, State, City, Street) VALUES ('26779', 'Sit Institute', 'United States', 'MD', 'Columbia', '4857 Fringilla Ave');
INSERT INTO client (ClientID, Company, Country, State, City, Street) VALUES ('94131', 'Suspendisse Eleifend Corp.', 'Canada', 'BC', 'Hudsons Hope', 'Ap #898-8107 Curabitur Rd.');
INSERT INTO client (ClientID, Company, Country, State, City, Street) VALUES ('94045', 'Suspendisse Tristique Neque Company', 'United States', 'WY', 'Cheyenne', '223-3998 Sapien. Av.');
INSERT INTO client (ClientID, Company, Country, State, City, Street) VALUES ('72483', 'Tellus Corp.', 'United States', 'WA', 'Bellevue', 'Ap #947-3209 Dictum Road');
INSERT INTO client (ClientID, Company, Country, State, City, Street) VALUES ('18822', 'Tellus Faucibus Leo Foundation', 'United States', 'MA', 'Lowell', 'Ap #506-7063 Lectus. Rd.');
INSERT INTO client (ClientID, Company, Country, State, City, Street) VALUES ('65314', 'Tellus Faucibus LLP', 'United States', 'IL', 'Aurora', '962-1663 Eu, Rd.');
INSERT INTO client (ClientID, Company, Country, State, City, Street) VALUES ('86958', 'Tellus Foundation', 'United States', 'MA', 'Boston', '212-1931 Amet Rd.');
INSERT INTO client (ClientID, Company, Country, State, City, Street) VALUES ('62446', 'Tempor Lorem Eget Consulting', 'United States', 'MI', 'Grand Rapids', '485-3704 Ligula Street');
INSERT INTO client (ClientID, Company, Country, State, City, Street) VALUES ('74795', 'Tempus Lorem Fringilla Foundation', 'United States', 'IL', 'Naperville', '2599 Elit. Road');
INSERT INTO client (ClientID, Company, Country, State, City, Street) VALUES ('25071', 'Tempus Non Lacinia Ltd', 'United States', 'UT', 'Sandy', '573-944 Curabitur Avenue');
INSERT INTO client (ClientID, Company, Country, State, City, Street) VALUES ('94090', 'Tincidunt Associates', 'Canada', 'QC', 'Gatineau', '6032 Pharetra, Ave');
INSERT INTO client (ClientID, Company, Country, State, City, Street) VALUES ('85728', 'Tincidunt Foundation', 'United States', 'AZ', 'Chandler', 'Ap #158-2329 Turpis. Rd.');
INSERT INTO client (ClientID, Company, Country, State, City, Street) VALUES ('83957', 'Tincidunt Nibh Phasellus Associates', 'United States', 'TX', 'Houston', '3096 Ante St.');
INSERT INTO client (ClientID, Company, Country, State, City, Street) VALUES ('94110', 'Tincidunt Tempus Risus Inc.', 'Canada', 'MB', 'Brandon', 'P.O. Box 837, 5467 Eget, Av.');
INSERT INTO client (ClientID, Company, Country, State, City, Street) VALUES ('94063', 'Tincidunt Vehicula Risus Ltd', 'Canada', 'NL', 'Rigolet', '512-2791 Integer Rd.');
INSERT INTO client (ClientID, Company, Country, State, City, Street) VALUES ('94093', 'Torquent Limited', 'Canada', 'QC', 'Notre-Dame-du-Nord', '5349 In St.');
INSERT INTO client (ClientID, Company, Country, State, City, Street) VALUES ('78154', 'Turpis In Condimentum Foundation', 'United States', 'UT', 'Salt Lake City', '146-9048 Eleifend St.');
INSERT INTO client (ClientID, Company, Country, State, City, Street) VALUES ('55375', 'Ullamcorper Duis At LLC', 'United States', 'IL', 'Naperville', '9057 In Rd.');
INSERT INTO client (ClientID, Company, Country, State, City, Street) VALUES ('47369', 'Ullamcorper Eu LLC', 'United States', 'OR', 'Gresham', 'Ap #873-8528 Urna St.');
INSERT INTO client (ClientID, Company, Country, State, City, Street) VALUES ('11698', 'Ullamcorper Velit In Foundation', 'United States', 'NV', 'Henderson', '6247 Maecenas Road');
INSERT INTO client (ClientID, Company, Country, State, City, Street) VALUES ('19696', 'Ultrices Incorporated', 'United States', 'OR', 'Portland', 'Ap #829-4146 Sit Av.');
INSERT INTO client (ClientID, Company, Country, State, City, Street) VALUES ('94092', 'Ultrices Sit Amet Ltd', 'Canada', 'QC', 'Mansfield-et-Pontefract', 'Ap #117-7644 Mauris Rd.');
INSERT INTO client (ClientID, Company, Country, State, City, Street) VALUES ('28295', 'Urna Institute', 'United States', 'KY', 'Bowling Green', '6626 Adipiscing Av.');
INSERT INTO client (ClientID, Company, Country, State, City, Street) VALUES ('67817', 'Urna Nec Consulting', 'United States', 'ME', 'Portland', '827-922 Urna. Road');
INSERT INTO client (ClientID, Company, Country, State, City, Street) VALUES ('47997', 'Urna Ut Corporation', 'United States', 'MS', 'Biloxi', '1333 Orci. Ave');
INSERT INTO client (ClientID, Company, Country, State, City, Street) VALUES ('48475', 'Urna Vivamus Institute', 'United States', 'MD', 'Annapolis', 'P.O. Box 399, 4974 Scelerisque Rd.');
INSERT INTO client (ClientID, Company, Country, State, City, Street) VALUES ('94139', 'Ut Erat Company', 'Canada', 'NU', 'Gjoa Haven', 'P.O. Box 103, 5866 Enim. Road');
INSERT INTO client (ClientID, Company, Country, State, City, Street) VALUES ('94075', 'Ut Nisi Associates', 'Canada', 'NB', 'Campbellton', '1713 Luctus Rd.');
INSERT INTO client (ClientID, Company, Country, State, City, Street) VALUES ('94081', 'Vel Convallis Corp.', 'Canada', 'NB', 'Bathurst', '220-7196 Ut Av.');
INSERT INTO client (ClientID, Company, Country, State, City, Street) VALUES ('94066', 'Vel Incorporated', 'Canada', 'NL', 'McCallum', 'Ap #173-3405 Vestibulum Avenue');
INSERT INTO client (ClientID, Company, Country, State, City, Street) VALUES ('52978', 'Vel Industries', 'United States', 'FL', 'Tallahassee', '8031 Cras Ave');
INSERT INTO client (ClientID, Company, Country, State, City, Street) VALUES ('69979', 'Velit Consulting', 'United States', 'UT', 'Salt Lake City', '3741 A, St.');
INSERT INTO client (ClientID, Company, Country, State, City, Street) VALUES ('13618', 'Venenatis Lacus Etiam Ltd', 'United States', 'HI', 'Hilo', '539-3496 Tincidunt Road');
INSERT INTO client (ClientID, Company, Country, State, City, Street) VALUES ('78570', 'Vestibulum Neque Corp.', 'United States', 'MA', 'Cambridge', 'Ap #444-4110 Tempus Avenue');
INSERT INTO client (ClientID, Company, Country, State, City, Street) VALUES ('92671', 'Vitae Associates', 'United States', 'FL', 'Tallahassee', 'P.O. Box 797, 430 Morbi St.');
INSERT INTO client (ClientID, Company, Country, State, City, Street) VALUES ('21227', 'Vitae Associates', 'United States', 'WA', 'Vancouver', 'Ap #805-5816 Ac Ave');
INSERT INTO client (ClientID, Company, Country, State, City, Street) VALUES ('70202', 'Vitae LLP', 'United States', 'OH', 'Columbus', 'Ap #184-2507 Tristique Road');
INSERT INTO client (ClientID, Company, Country, State, City, Street) VALUES ('14740', 'Vitae Purus Foundation', 'United States', 'OH', 'Cincinnati', 'Ap #781-7026 Ornare Rd.');
INSERT INTO client (ClientID, Company, Country, State, City, Street) VALUES ('19805', 'Vitae Sodales Associates', 'United States', 'MS', 'Jackson', '921-115 Cras Rd.');
INSERT INTO client (ClientID, Company, Country, State, City, Street) VALUES ('80164', 'Vivamus Company', 'United States', 'MA', 'South Portland', 'P.O. Box 562, 9397 Leo. Avenue');
INSERT INTO client (ClientID, Company, Country, State, City, Street) VALUES ('76248', 'Vulputate Risus A Industries', 'United States', 'VA', 'Richmond', '948-3815 Eu Rd.');

INSERT INTO salesrep (SalesRepID, SalesRep, SalesRegion) VALUES ('EM345', 'Bowen, Molly', 'Can01');
INSERT INTO salesrep (SalesRepID, SalesRep, SalesRegion) VALUES ('EM346', 'Garner, Heidi', 'Can02');
INSERT INTO salesrep (SalesRepID, SalesRep, SalesRegion) VALUES ('EM347', 'Ryan, Frances', 'Can03');
INSERT INTO salesrep (SalesRepID, SalesRep, SalesRegion) VALUES ('EM348', 'Klein, George', 'USA01');
INSERT INTO salesrep (SalesRepID, SalesRep, SalesRegion) VALUES ('EM349', 'White, Carly', 'USA02');
INSERT INTO salesrep (SalesRepID, SalesRep, SalesRegion) VALUES ('EM350', 'Valentine, Lewis', 'USA03');
INSERT INTO salesrep (SalesRepID, SalesRep, SalesRegion) VALUES ('EM351', 'Wheeler, Graham', 'USA04');
INSERT INTO salesrep (SalesRepID, SalesRep, SalesRegion) VALUES ('EM352', 'Flores, Madison', 'USA05');
INSERT INTO salesrep (SalesRepID, SalesRep, SalesRegion) VALUES ('EM353', 'Knapp, Linda', 'USA06');
INSERT INTO salesrep (SalesRepID, SalesRep, SalesRegion) VALUES ('EM354', 'Payne, Carly', 'USA07');

INSERT INTO salesregion (SalesRegion, State, Latitude, Longitude) VALUES ('Can02', 'AB', '53.01669802', '-112.8166386');
INSERT INTO salesregion (SalesRegion, State, Latitude, Longitude) VALUES ('USA01', 'AK', '61.370716', '-152.404419');
INSERT INTO salesregion (SalesRegion, State, Latitude, Longitude) VALUES ('USA05', 'AL', '32.806671', '-86.791130');
INSERT INTO salesregion (SalesRegion, State, Latitude, Longitude) VALUES ('USA02', 'AR', '34.969704', '-92.373123');
INSERT INTO salesregion (SalesRegion, State, Latitude, Longitude) VALUES ('USA02', 'AZ', '33.729759', '-111.431221');
INSERT INTO salesregion (SalesRegion, State, Latitude, Longitude) VALUES ('Can02', 'BC', '49.09996035', '-116.516697');
INSERT INTO salesregion (SalesRegion, State, Latitude, Longitude) VALUES ('USA02', 'CA', '36.116203', '-119.681564');
INSERT INTO salesregion (SalesRegion, State, Latitude, Longitude) VALUES ('USA03', 'CO', '39.059811', '-105.311104');
INSERT INTO salesregion (SalesRegion, State, Latitude, Longitude) VALUES ('USA07', 'CT', '41.597782', '-72.755371');
INSERT INTO salesregion (SalesRegion, State, Latitude, Longitude) VALUES ('USA07', 'DE', '39.318523', '-75.507141');
INSERT INTO salesregion (SalesRegion, State, Latitude, Longitude) VALUES ('USA05', 'FL', '27.766279', '-81.686783');
INSERT INTO salesregion (SalesRegion, State, Latitude, Longitude) VALUES ('USA05', 'GA', '33.040619', '-83.643074');
INSERT INTO salesregion (SalesRegion, State, Latitude, Longitude) VALUES ('USA01', 'HI', '21.094318', '-157.498337');
INSERT INTO salesregion (SalesRegion, State, Latitude, Longitude) VALUES ('Can02', 'MB', '50.15002545', '-96.88332178');
INSERT INTO salesregion (SalesRegion, State, Latitude, Longitude) VALUES ('USA06', 'IA', '42.011539', '-93.210526');
INSERT INTO salesregion (SalesRegion, State, Latitude, Longitude) VALUES ('USA01', '"ID"', '44.240459', '-114.478828');
INSERT INTO salesregion (SalesRegion, State, Latitude, Longitude) VALUES ('USA07', 'IL', '40.349457', '-88.986137');
INSERT INTO salesregion (SalesRegion, State, Latitude, Longitude) VALUES ('USA07', 'IN', '39.849426', '-86.258278');
INSERT INTO salesregion (SalesRegion, State, Latitude, Longitude) VALUES ('USA07', 'KS', '38.526600', '-96.726486');
INSERT INTO salesregion (SalesRegion, State, Latitude, Longitude) VALUES ('USA06', 'KY', '37.668140', '-84.670067');
INSERT INTO salesregion (SalesRegion, State, Latitude, Longitude) VALUES ('USA05', 'LA', '31.169546', '-91.867805');
INSERT INTO salesregion (SalesRegion, State, Latitude, Longitude) VALUES ('USA07', 'MA', '42.230171', '-71.530106');
INSERT INTO salesregion (SalesRegion, State, Latitude, Longitude) VALUES ('Can01', 'NB', '45.26704185', '-66.07667505');
INSERT INTO salesregion (SalesRegion, State, Latitude, Longitude) VALUES ('USA07', 'MD', '39.063946', '-76.802101');
INSERT INTO salesregion (SalesRegion, State, Latitude, Longitude) VALUES ('USA07', 'ME', '44.693947', '-69.381927');
INSERT INTO salesregion (SalesRegion, State, Latitude, Longitude) VALUES ('USA05', 'MI', '43.326618', '-84.536095');
INSERT INTO salesregion (SalesRegion, State, Latitude, Longitude) VALUES ('USA04', 'MN', '45.694454', '-93.900192');
INSERT INTO salesregion (SalesRegion, State, Latitude, Longitude) VALUES ('USA01', 'MO', '38.456085', '-92.288368');
INSERT INTO salesregion (SalesRegion, State, Latitude, Longitude) VALUES ('USA07', 'MS', '32.741646', '-89.678696');
INSERT INTO salesregion (SalesRegion, State, Latitude, Longitude) VALUES ('USA07', 'MT', '46.921925', '-110.454353');
INSERT INTO salesregion (SalesRegion, State, Latitude, Longitude) VALUES ('Can02', 'NL', '49.17440025', '-57.42691878');
INSERT INTO salesregion (SalesRegion, State, Latitude, Longitude) VALUES ('USA03', 'NC', '35.630066', '-79.806419');
INSERT INTO salesregion (SalesRegion, State, Latitude, Longitude) VALUES ('USA03', 'ND', '47.528912', '-99.784012');
INSERT INTO salesregion (SalesRegion, State, Latitude, Longitude) VALUES ('USA03', 'NE', '41.125370', '-98.268082');
INSERT INTO salesregion (SalesRegion, State, Latitude, Longitude) VALUES ('USA07', 'NH', '43.452492', '-71.563896');
INSERT INTO salesregion (SalesRegion, State, Latitude, Longitude) VALUES ('USA07', 'NJ', '40.298904', '-74.521011');
INSERT INTO salesregion (SalesRegion, State, Latitude, Longitude) VALUES ('USA07', 'NM', '34.840515', '-106.248482');
INSERT INTO salesregion (SalesRegion, State, Latitude, Longitude) VALUES ('Can02', 'NS', '45.58327578', '-62.63331934');
INSERT INTO salesregion (SalesRegion, State, Latitude, Longitude) VALUES ('USA02', 'NV', '38.313515', '-117.055374');
INSERT INTO salesregion (SalesRegion, State, Latitude, Longitude) VALUES ('Can03', 'NT', '62.40005292', '-110.7333291');
INSERT INTO salesregion (SalesRegion, State, Latitude, Longitude) VALUES ('USA07', 'NY', '42.165726', '-74.948051');
INSERT INTO salesregion (SalesRegion, State, Latitude, Longitude) VALUES ('Can01', 'NU', '68.76746684', '-81.23608303');
INSERT INTO salesregion (SalesRegion, State, Latitude, Longitude) VALUES ('USA06', 'OH', '40.388783', '-82.764915');
INSERT INTO salesregion (SalesRegion, State, Latitude, Longitude) VALUES ('USA04', 'OK', '35.565342', '-96.928917');
INSERT INTO salesregion (SalesRegion, State, Latitude, Longitude) VALUES ('Can01', 'ON', '44.56664532', '-80.84998519');
INSERT INTO salesregion (SalesRegion, State, Latitude, Longitude) VALUES ('USA01', 'OR', '44.572021', '-122.070938');
INSERT INTO salesregion (SalesRegion, State, Latitude, Longitude) VALUES ('USA07', 'PA', '40.590752', '-77.209755');
INSERT INTO salesregion (SalesRegion, State, Latitude, Longitude) VALUES ('Can01', 'PE', '46.24928164', '-63.13132512');
INSERT INTO salesregion (SalesRegion, State, Latitude, Longitude) VALUES ('CAN03', 'QC', '49.82257774', '-64.34799504');
INSERT INTO salesregion (SalesRegion, State, Latitude, Longitude) VALUES ('USA07', 'RI', '41.680893', '-71.511780');
INSERT INTO salesregion (SalesRegion, State, Latitude, Longitude) VALUES ('USA05', 'SC', '33.856892', '-80.945007');
INSERT INTO salesregion (SalesRegion, State, Latitude, Longitude) VALUES ('USA07', 'SD', '44.299782', '-99.438828');
INSERT INTO salesregion (SalesRegion, State, Latitude, Longitude) VALUES ('Can02', 'SK', '50.93331097', '-102.7999891');
INSERT INTO salesregion (SalesRegion, State, Latitude, Longitude) VALUES ('USA06', 'TN', '35.747845', '-86.692345');
INSERT INTO salesregion (SalesRegion, State, Latitude, Longitude) VALUES ('USA04', 'TX', '31.054487', '-97.563461');
INSERT INTO salesregion (SalesRegion, State, Latitude, Longitude) VALUES ('USA02', 'UT', '40.150032', '-111.862434');
INSERT INTO salesregion (SalesRegion, State, Latitude, Longitude) VALUES ('USA06', 'VA', '37.769337', '-78.169968');
INSERT INTO salesregion (SalesRegion, State, Latitude, Longitude) VALUES ('USA07', 'VT', '44.045876', '-72.710686');
INSERT INTO salesregion (SalesRegion, State, Latitude, Longitude) VALUES ('USA01', 'WA', '47.400902', '-121.490494');
INSERT INTO salesregion (SalesRegion, State, Latitude, Longitude) VALUES ('USA06', 'WI', '44.268543', '-89.616508');
INSERT INTO salesregion (SalesRegion, State, Latitude, Longitude) VALUES ('USA06', 'WV', '38.491226', '-80.954453');
INSERT INTO salesregion (SalesRegion, State, Latitude, Longitude) VALUES ('USA03', 'WY', '42.755966', '-107.302490');
INSERT INTO salesregion (SalesRegion, State, Latitude, Longitude) VALUES ('Can03', 'YT', '61.35037539', '-139.0000017');

INSERT INTO revenue (ClientID, ProductID, OrderId, Revenue, SalesDate) VALUES ('15280', '25109', 'AB1289', '4115', '12/28/18');
INSERT INTO revenue (ClientID, ProductID, OrderId, Revenue, SalesDate) VALUES ('59430', '25074', 'AB1288', '3164', '12/26/18');
INSERT INTO revenue (ClientID, ProductID, OrderId, Revenue, SalesDate) VALUES ('10527', '25171', 'AB1287', '5341', '12/25/18');
INSERT INTO revenue (ClientID, ProductID, OrderId, Revenue, SalesDate) VALUES ('94056', '25023', 'AB1286', '3883', '12/24/18');
INSERT INTO revenue (ClientID, ProductID, OrderId, Revenue, SalesDate) VALUES ('36342', '25171', 'AB1285', '4867', '12/21/18');
INSERT INTO revenue (ClientID, ProductID, OrderId, Revenue, SalesDate) VALUES ('94091', '25091', 'AB1284', '5013', '12/20/18');
INSERT INTO revenue (ClientID, ProductID, OrderId, Revenue, SalesDate) VALUES ('69979', '25091', 'AB1283', '4254', '12/18/18');
INSERT INTO revenue (ClientID, ProductID, OrderId, Revenue, SalesDate) VALUES ('94146', '25083', 'AB1282', '4023', '12/14/18');
INSERT INTO revenue (ClientID, ProductID, OrderId, Revenue, SalesDate) VALUES ('86004', '25046', 'AB1281', '3481', '12/13/18');
INSERT INTO revenue (ClientID, ProductID, OrderId, Revenue, SalesDate) VALUES ('10527', '25150', 'AB1280', '6887', '12/12/18');
INSERT INTO revenue (ClientID, ProductID, OrderId, Revenue, SalesDate) VALUES ('63742', '25083', 'AB1278', '3145', '12/11/18');
INSERT INTO revenue (ClientID, ProductID, OrderId, Revenue, SalesDate) VALUES ('94082', '25083', 'AB1279', '4664', '12/11/18');
INSERT INTO revenue (ClientID, ProductID, OrderId, Revenue, SalesDate) VALUES ('94105', '25074', 'AB1277', '6221', '12/10/18');
INSERT INTO revenue (ClientID, ProductID, OrderId, Revenue, SalesDate) VALUES ('94147', '25109', 'AB1276', '5157', '12/7/18');
INSERT INTO revenue (ClientID, ProductID, OrderId, Revenue, SalesDate) VALUES ('72377', '25110', 'AB1275', '3982', '12/5/18');
INSERT INTO revenue (ClientID, ProductID, OrderId, Revenue, SalesDate) VALUES ('94153', '25083', 'AB1274', '4466', '12/4/18');
INSERT INTO revenue (ClientID, ProductID, OrderId, Revenue, SalesDate) VALUES ('83957', '25175', 'AB1272', '6066', '11/30/18');
INSERT INTO revenue (ClientID, ProductID, OrderId, Revenue, SalesDate) VALUES ('94156', '25171', 'AB1273', '3317', '11/30/18');
INSERT INTO revenue (ClientID, ProductID, OrderId, Revenue, SalesDate) VALUES ('12946', '25022', 'AB1270', '6256', '11/29/18');
INSERT INTO revenue (ClientID, ProductID, OrderId, Revenue, SalesDate) VALUES ('93816', '25023', 'AB1271', '3733', '11/29/18');
INSERT INTO revenue (ClientID, ProductID, OrderId, Revenue, SalesDate) VALUES ('94051', '25109', 'AB1268', '6726', '11/27/18');
INSERT INTO revenue (ClientID, ProductID, OrderId, Revenue, SalesDate) VALUES ('94139', '25083', 'AB1269', '6392', '11/27/18');
INSERT INTO revenue (ClientID, ProductID, OrderId, Revenue, SalesDate) VALUES ('94122', '25150', 'AB1267', '6008', '11/26/18');
INSERT INTO revenue (ClientID, ProductID, OrderId, Revenue, SalesDate) VALUES ('51444', '25022', 'AB1266', '3356', '11/22/18');
INSERT INTO revenue (ClientID, ProductID, OrderId, Revenue, SalesDate) VALUES ('94124', '25175', 'AB1265', '3479', '11/20/18');
INSERT INTO revenue (ClientID, ProductID, OrderId, Revenue, SalesDate) VALUES ('10527', '25083', 'AB1264', '5645', '11/19/18');
INSERT INTO revenue (ClientID, ProductID, OrderId, Revenue, SalesDate) VALUES ('73936', '25046', 'AB1261', '6844', '11/15/18');
INSERT INTO revenue (ClientID, ProductID, OrderId, Revenue, SalesDate) VALUES ('94051', '25023', 'AB1262', '6738', '11/15/18');
INSERT INTO revenue (ClientID, ProductID, OrderId, Revenue, SalesDate) VALUES ('94056', '25074', 'AB1263', '4906', '11/15/18');
INSERT INTO revenue (ClientID, ProductID, OrderId, Revenue, SalesDate) VALUES ('79610', '25091', 'AB1260', '3791', '11/12/18');
INSERT INTO revenue (ClientID, ProductID, OrderId, Revenue, SalesDate) VALUES ('72483', '25074', 'AB1259', '5239', '11/9/18');
INSERT INTO revenue (ClientID, ProductID, OrderId, Revenue, SalesDate) VALUES ('31606', '25110', 'AB1258', '4257', '11/7/18');
INSERT INTO revenue (ClientID, ProductID, OrderId, Revenue, SalesDate) VALUES ('57082', '25023', 'AB1257', '3404', '11/6/18');
INSERT INTO revenue (ClientID, ProductID, OrderId, Revenue, SalesDate) VALUES ('94141', '25023', 'AB1256', '3152', '11/5/18');
INSERT INTO revenue (ClientID, ProductID, OrderId, Revenue, SalesDate) VALUES ('30118', '25171', 'AB1255', '4080', '11/2/18');
INSERT INTO revenue (ClientID, ProductID, OrderId, Revenue, SalesDate) VALUES ('48475', '25083', 'AB1253', '4698', '11/1/18');
INSERT INTO revenue (ClientID, ProductID, OrderId, Revenue, SalesDate) VALUES ('91657', '25022', 'AB1254', '3513', '11/1/18');
INSERT INTO revenue (ClientID, ProductID, OrderId, Revenue, SalesDate) VALUES ('21927', '25150', 'AB1252', '6887', '10/31/18');
INSERT INTO revenue (ClientID, ProductID, OrderId, Revenue, SalesDate) VALUES ('94051', '25022', 'AB1250', '6738', '10/30/18');
INSERT INTO revenue (ClientID, ProductID, OrderId, Revenue, SalesDate) VALUES ('94153', '25023', 'AB1251', '6781', '10/30/18');
INSERT INTO revenue (ClientID, ProductID, OrderId, Revenue, SalesDate) VALUES ('14740', '25083', 'AB1249', '4486', '10/29/18');
INSERT INTO revenue (ClientID, ProductID, OrderId, Revenue, SalesDate) VALUES ('45366', '25091', 'AB1248', '3764', '10/26/18');
INSERT INTO revenue (ClientID, ProductID, OrderId, Revenue, SalesDate) VALUES ('42615', '25074', 'AB1246', '3191', '10/25/18');
INSERT INTO revenue (ClientID, ProductID, OrderId, Revenue, SalesDate) VALUES ('63368', '25109', 'AB1247', '3342', '10/25/18');
INSERT INTO revenue (ClientID, ProductID, OrderId, Revenue, SalesDate) VALUES ('21345', '25150', 'AB1245', '4919', '10/22/18');
INSERT INTO revenue (ClientID, ProductID, OrderId, Revenue, SalesDate) VALUES ('76171', '25109', 'AB1244', '5090', '10/17/18');
INSERT INTO revenue (ClientID, ProductID, OrderId, Revenue, SalesDate) VALUES ('21927', '25074', 'AB1243', '4372', '10/16/18');
INSERT INTO revenue (ClientID, ProductID, OrderId, Revenue, SalesDate) VALUES ('37871', '25083', 'AB1242', '4591', '10/12/18');
INSERT INTO revenue (ClientID, ProductID, OrderId, Revenue, SalesDate) VALUES ('58731', '25083', 'AB1241', '4192', '10/10/18');
INSERT INTO revenue (ClientID, ProductID, OrderId, Revenue, SalesDate) VALUES ('59430', '25023', 'AB1239', '6342', '10/8/18');
INSERT INTO revenue (ClientID, ProductID, OrderId, Revenue, SalesDate) VALUES ('94051', '25109', 'AB1240', '6741', '10/8/18');
INSERT INTO revenue (ClientID, ProductID, OrderId, Revenue, SalesDate) VALUES ('10527', '25109', 'AB1235', '3202', '10/5/18');
INSERT INTO revenue (ClientID, ProductID, OrderId, Revenue, SalesDate) VALUES ('12946', '25091', 'AB1236', '3835', '10/5/18');
INSERT INTO revenue (ClientID, ProductID, OrderId, Revenue, SalesDate) VALUES ('94051', '25175', 'AB1237', '6305', '10/5/18');
INSERT INTO revenue (ClientID, ProductID, OrderId, Revenue, SalesDate) VALUES ('94147', '25083', 'AB1238', '6935', '10/5/18');
INSERT INTO revenue (ClientID, ProductID, OrderId, Revenue, SalesDate) VALUES ('21927', '25022', 'AB1231', '6256', '10/4/18');
INSERT INTO revenue (ClientID, ProductID, OrderId, Revenue, SalesDate) VALUES ('76171', '25091', 'AB1232', '3504', '10/4/18');
INSERT INTO revenue (ClientID, ProductID, OrderId, Revenue, SalesDate) VALUES ('94051', '25074', 'AB1233', '6761', '10/4/18');
INSERT INTO revenue (ClientID, ProductID, OrderId, Revenue, SalesDate) VALUES ('94106', '25022', 'AB1234', '6276', '10/4/18');
INSERT INTO revenue (ClientID, ProductID, OrderId, Revenue, SalesDate) VALUES ('10527', '25109', 'AB1228', '5386', '10/3/18');
INSERT INTO revenue (ClientID, ProductID, OrderId, Revenue, SalesDate) VALUES ('19696', '25109', 'AB1229', '6740', '10/3/18');
INSERT INTO revenue (ClientID, ProductID, OrderId, Revenue, SalesDate) VALUES ('94051', '25074', 'AB1230', '6325', '10/3/18');
INSERT INTO revenue (ClientID, ProductID, OrderId, Revenue, SalesDate) VALUES ('94082', '25046', 'AB1227', '3423', '10/2/18');
INSERT INTO revenue (ClientID, ProductID, OrderId, Revenue, SalesDate) VALUES ('21227', '25022', 'AB1224', '6506', '9/28/18');
INSERT INTO revenue (ClientID, ProductID, OrderId, Revenue, SalesDate) VALUES ('88700', '25109', 'AB1225', '3079', '9/28/18');
INSERT INTO revenue (ClientID, ProductID, OrderId, Revenue, SalesDate) VALUES ('94051', '25074', 'AB1226', '7116', '9/28/18');
INSERT INTO revenue (ClientID, ProductID, OrderId, Revenue, SalesDate) VALUES ('94086', '25175', 'AB1223', '4986', '9/27/18');
INSERT INTO revenue (ClientID, ProductID, OrderId, Revenue, SalesDate) VALUES ('21345', '25083', 'AB1220', '4058', '9/24/18');
INSERT INTO revenue (ClientID, ProductID, OrderId, Revenue, SalesDate) VALUES ('72377', '25022', 'AB1221', '6841', '9/24/18');
INSERT INTO revenue (ClientID, ProductID, OrderId, Revenue, SalesDate) VALUES ('94051', '25171', 'AB1222', '6338', '9/24/18');
INSERT INTO revenue (ClientID, ProductID, OrderId, Revenue, SalesDate) VALUES ('61448', '25022', 'AB1218', '5094', '9/21/18');
INSERT INTO revenue (ClientID, ProductID, OrderId, Revenue, SalesDate) VALUES ('65315', '25022', 'AB1219', '3827', '9/21/18');
INSERT INTO revenue (ClientID, ProductID, OrderId, Revenue, SalesDate) VALUES ('19366', '25083', 'AB1215', '3920', '9/18/18');
INSERT INTO revenue (ClientID, ProductID, OrderId, Revenue, SalesDate) VALUES ('21927', '25083', 'AB1216', '6392', '9/18/18');
INSERT INTO revenue (ClientID, ProductID, OrderId, Revenue, SalesDate) VALUES ('71567', '25150', 'AB1217', '4163', '9/18/18');
INSERT INTO revenue (ClientID, ProductID, OrderId, Revenue, SalesDate) VALUES ('94156', '25046', 'AB1214', '4299', '9/17/18');
INSERT INTO revenue (ClientID, ProductID, OrderId, Revenue, SalesDate) VALUES ('59430', '25083', 'AB1213', '5261', '9/11/18');
INSERT INTO revenue (ClientID, ProductID, OrderId, Revenue, SalesDate) VALUES ('94051', '25022', 'AB1211', '6356', '9/4/18');
INSERT INTO revenue (ClientID, ProductID, OrderId, Revenue, SalesDate) VALUES ('94082', '25083', 'AB1212', '6822', '9/4/18');
INSERT INTO revenue (ClientID, ProductID, OrderId, Revenue, SalesDate) VALUES ('50430', '25046', 'AB1209', '9988', '9/3/18');
INSERT INTO revenue (ClientID, ProductID, OrderId, Revenue, SalesDate) VALUES ('94051', '25023', 'AB1210', '6382', '9/3/18');
INSERT INTO revenue (ClientID, ProductID, OrderId, Revenue, SalesDate) VALUES ('94051', '25091', 'AB1207', '6402', '8/31/18');
INSERT INTO revenue (ClientID, ProductID, OrderId, Revenue, SalesDate) VALUES ('94139', '25046', 'AB1208', '6352', '8/31/18');
INSERT INTO revenue (ClientID, ProductID, OrderId, Revenue, SalesDate) VALUES ('71567', '25110', 'AB1206', '3320', '8/29/18');
INSERT INTO revenue (ClientID, ProductID, OrderId, Revenue, SalesDate) VALUES ('10527', '25110', 'AB1205', '5490', '8/28/18');
INSERT INTO revenue (ClientID, ProductID, OrderId, Revenue, SalesDate) VALUES ('21927', '25046', 'AB1204', '6844', '8/23/18');
INSERT INTO revenue (ClientID, ProductID, OrderId, Revenue, SalesDate) VALUES ('21927', '25023', 'AB1203', '6781', '8/20/18');
INSERT INTO revenue (ClientID, ProductID, OrderId, Revenue, SalesDate) VALUES ('21927', '25023', 'AB1201', '6342', '8/16/18');
INSERT INTO revenue (ClientID, ProductID, OrderId, Revenue, SalesDate) VALUES ('94133', '25023', 'AB1202', '3944', '8/16/18');
INSERT INTO revenue (ClientID, ProductID, OrderId, Revenue, SalesDate) VALUES ('94136', '25091', 'AB1200', '5934', '8/15/18');
INSERT INTO revenue (ClientID, ProductID, OrderId, Revenue, SalesDate) VALUES ('64247', '25046', 'AB1197', '4098', '8/13/18');
INSERT INTO revenue (ClientID, ProductID, OrderId, Revenue, SalesDate) VALUES ('94051', '25022', 'AB1198', '6404', '8/13/18');
INSERT INTO revenue (ClientID, ProductID, OrderId, Revenue, SalesDate) VALUES ('94136', '25074', 'AB1199', '6916', '8/13/18');
INSERT INTO revenue (ClientID, ProductID, OrderId, Revenue, SalesDate) VALUES ('94051', '25109', 'AB1195', '6849', '8/9/18');
INSERT INTO revenue (ClientID, ProductID, OrderId, Revenue, SalesDate) VALUES ('94101', '25171', 'AB1196', '6932', '8/9/18');
INSERT INTO revenue (ClientID, ProductID, OrderId, Revenue, SalesDate) VALUES ('18850', '25175', 'AB1193', '5106', '8/8/18');
INSERT INTO revenue (ClientID, ProductID, OrderId, Revenue, SalesDate) VALUES ('94076', '25046', 'AB1194', '4200', '8/8/18');
INSERT INTO revenue (ClientID, ProductID, OrderId, Revenue, SalesDate) VALUES ('94129', '25091', 'AB1192', '4134', '8/6/18');
INSERT INTO revenue (ClientID, ProductID, OrderId, Revenue, SalesDate) VALUES ('21927', '25083', 'AB1190', '6935', '8/3/18');
INSERT INTO revenue (ClientID, ProductID, OrderId, Revenue, SalesDate) VALUES ('86467', '25175', 'AB1191', '4166', '8/3/18');
INSERT INTO revenue (ClientID, ProductID, OrderId, Revenue, SalesDate) VALUES ('72558', '25109', 'AB1189', '3200', '8/1/18');
INSERT INTO revenue (ClientID, ProductID, OrderId, Revenue, SalesDate) VALUES ('64915', '25150', 'AB1188', '6187', '7/31/18');
INSERT INTO revenue (ClientID, ProductID, OrderId, Revenue, SalesDate) VALUES ('21927', '25022', 'AB1187', '6276', '7/27/18');
INSERT INTO revenue (ClientID, ProductID, OrderId, Revenue, SalesDate) VALUES ('10527', '25074', 'AB1181', '5442', '7/20/18');
INSERT INTO revenue (ClientID, ProductID, OrderId, Revenue, SalesDate) VALUES ('15280', '25171', 'AB1182', '6661', '7/20/18');
INSERT INTO revenue (ClientID, ProductID, OrderId, Revenue, SalesDate) VALUES ('92671', '25110', 'AB1183', '5216', '7/20/18');
INSERT INTO revenue (ClientID, ProductID, OrderId, Revenue, SalesDate) VALUES ('94051', '25022', 'AB1184', '6920', '7/20/18');
INSERT INTO revenue (ClientID, ProductID, OrderId, Revenue, SalesDate) VALUES ('94051', '25110', 'AB1185', '6426', '7/20/18');
INSERT INTO revenue (ClientID, ProductID, OrderId, Revenue, SalesDate) VALUES ('94052', '25110', 'AB1186', '9912', '7/20/18');
INSERT INTO revenue (ClientID, ProductID, OrderId, Revenue, SalesDate) VALUES ('94091', '25175', 'AB1180', '3735', '7/19/18');
INSERT INTO revenue (ClientID, ProductID, OrderId, Revenue, SalesDate) VALUES ('31606', '25171', 'AB1177', '6481', '7/17/18');
INSERT INTO revenue (ClientID, ProductID, OrderId, Revenue, SalesDate) VALUES ('94051', '25083', 'AB1178', '6449', '7/17/18');
INSERT INTO revenue (ClientID, ProductID, OrderId, Revenue, SalesDate) VALUES ('94129', '25023', 'AB1179', '3404', '7/17/18');
INSERT INTO revenue (ClientID, ProductID, OrderId, Revenue, SalesDate) VALUES ('79610', '25175', 'AB1175', '3609', '7/16/18');
INSERT INTO revenue (ClientID, ProductID, OrderId, Revenue, SalesDate) VALUES ('94128', '25150', 'AB1176', '3307', '7/16/18');
INSERT INTO revenue (ClientID, ProductID, OrderId, Revenue, SalesDate) VALUES ('32950', '25150', 'AB1174', '6017', '7/13/18');
INSERT INTO revenue (ClientID, ProductID, OrderId, Revenue, SalesDate) VALUES ('10527', '25171', 'AB1172', '5711', '7/10/18');
INSERT INTO revenue (ClientID, ProductID, OrderId, Revenue, SalesDate) VALUES ('94146', '25091', 'AB1173', '5110', '7/10/18');
INSERT INTO revenue (ClientID, ProductID, OrderId, Revenue, SalesDate) VALUES ('64915', '25083', 'AB1171', '4591', '7/6/18');
INSERT INTO revenue (ClientID, ProductID, OrderId, Revenue, SalesDate) VALUES ('21927', '25175', 'AB1168', '6998', '7/5/18');
INSERT INTO revenue (ClientID, ProductID, OrderId, Revenue, SalesDate) VALUES ('43429', '25074', 'AB1169', '5254', '7/5/18');
INSERT INTO revenue (ClientID, ProductID, OrderId, Revenue, SalesDate) VALUES ('94051', '25022', 'AB1170', '6945', '7/5/18');
INSERT INTO revenue (ClientID, ProductID, OrderId, Revenue, SalesDate) VALUES ('21927', '25109', 'AB1165', '6536', '7/2/18');
INSERT INTO revenue (ClientID, ProductID, OrderId, Revenue, SalesDate) VALUES ('43429', '25109', 'AB1166', '6536', '7/2/18');
INSERT INTO revenue (ClientID, ProductID, OrderId, Revenue, SalesDate) VALUES ('94051', '25074', 'AB1167', '6953', '7/2/18');
INSERT INTO revenue (ClientID, ProductID, OrderId, Revenue, SalesDate) VALUES ('21927', '25109', 'AB1162', '9892', '6/29/18');
INSERT INTO revenue (ClientID, ProductID, OrderId, Revenue, SalesDate) VALUES ('74795', '25109', 'AB1163', '9892', '6/29/18');
INSERT INTO revenue (ClientID, ProductID, OrderId, Revenue, SalesDate) VALUES ('94051', '25175', 'AB1164', '6453', '6/29/18');
INSERT INTO revenue (ClientID, ProductID, OrderId, Revenue, SalesDate) VALUES ('12946', '25023', 'AB1158', '3133', '6/26/18');
INSERT INTO revenue (ClientID, ProductID, OrderId, Revenue, SalesDate) VALUES ('18850', '25022', 'AB1159', '3940', '6/26/18');
INSERT INTO revenue (ClientID, ProductID, OrderId, Revenue, SalesDate) VALUES ('21927', '25109', 'AB1160', '6740', '6/26/18');
INSERT INTO revenue (ClientID, ProductID, OrderId, Revenue, SalesDate) VALUES ('63742', '25022', 'AB1161', '4393', '6/26/18');
INSERT INTO revenue (ClientID, ProductID, OrderId, Revenue, SalesDate) VALUES ('11518', '25083', 'AB1154', '3255', '6/25/18');
INSERT INTO revenue (ClientID, ProductID, OrderId, Revenue, SalesDate) VALUES ('42510', '25150', 'AB1155', '5257', '6/25/18');
INSERT INTO revenue (ClientID, ProductID, OrderId, Revenue, SalesDate) VALUES ('42615', '25074', 'AB1156', '6158', '6/25/18');
INSERT INTO revenue (ClientID, ProductID, OrderId, Revenue, SalesDate) VALUES ('94102', '25083', 'AB1157', '4577', '6/25/18');
INSERT INTO revenue (ClientID, ProductID, OrderId, Revenue, SalesDate) VALUES ('76531', '25091', 'AB1153', '4157', '6/20/18');
INSERT INTO revenue (ClientID, ProductID, OrderId, Revenue, SalesDate) VALUES ('21927', '25023', 'AB1149', '9994', '6/19/18');
INSERT INTO revenue (ClientID, ProductID, OrderId, Revenue, SalesDate) VALUES ('21927', '25023', 'AB1150', '9994', '6/19/18');
INSERT INTO revenue (ClientID, ProductID, OrderId, Revenue, SalesDate) VALUES ('45366', '25109', 'AB1151', '5216', '6/19/18');
INSERT INTO revenue (ClientID, ProductID, OrderId, Revenue, SalesDate) VALUES ('94051', '25074', 'AB1152', '7071', '6/19/18');
INSERT INTO revenue (ClientID, ProductID, OrderId, Revenue, SalesDate) VALUES ('10527', '25110', 'AB1148', '5495', '6/18/18');
INSERT INTO revenue (ClientID, ProductID, OrderId, Revenue, SalesDate) VALUES ('21927', '25083', 'AB1146', '6455', '6/14/18');
INSERT INTO revenue (ClientID, ProductID, OrderId, Revenue, SalesDate) VALUES ('86467', '25083', 'AB1147', '6455', '6/14/18');
INSERT INTO revenue (ClientID, ProductID, OrderId, Revenue, SalesDate) VALUES ('50473', '25171', 'AC1144', '6231', '6/7/18');
INSERT INTO revenue (ClientID, ProductID, OrderId, Revenue, SalesDate) VALUES ('94051', '25171', 'AC1145', '6231', '6/7/18');
INSERT INTO revenue (ClientID, ProductID, OrderId, Revenue, SalesDate) VALUES ('60693', '25175', 'AC1142', '3207', '6/5/18');
INSERT INTO revenue (ClientID, ProductID, OrderId, Revenue, SalesDate) VALUES ('94101', '25046', 'AC1143', '3780', '6/5/18');
INSERT INTO revenue (ClientID, ProductID, OrderId, Revenue, SalesDate) VALUES ('94110', '25110', 'AC1141', '5144', '6/4/18');
INSERT INTO revenue (ClientID, ProductID, OrderId, Revenue, SalesDate) VALUES ('21227', '25083', 'AC1138', '4864', '6/1/18');
INSERT INTO revenue (ClientID, ProductID, OrderId, Revenue, SalesDate) VALUES ('42510', '25150', 'AC1139', '3376', '6/1/18');
INSERT INTO revenue (ClientID, ProductID, OrderId, Revenue, SalesDate) VALUES ('63742', '25074', 'AC1140', '3734', '6/1/18');
INSERT INTO revenue (ClientID, ProductID, OrderId, Revenue, SalesDate) VALUES ('19696', '25023', 'AB1137', '4209', '5/31/18');
INSERT INTO revenue (ClientID, ProductID, OrderId, Revenue, SalesDate) VALUES ('86467', '25083', 'AC1135', '4566', '5/30/18');
INSERT INTO revenue (ClientID, ProductID, OrderId, Revenue, SalesDate) VALUES ('94146', '25022', 'AC1136', '5221', '5/30/18');
INSERT INTO revenue (ClientID, ProductID, OrderId, Revenue, SalesDate) VALUES ('21927', '25022', 'AB1134', '6506', '5/28/18');
INSERT INTO revenue (ClientID, ProductID, OrderId, Revenue, SalesDate) VALUES ('21927', '25022', 'AB1133', '6841', '5/25/18');
INSERT INTO revenue (ClientID, ProductID, OrderId, Revenue, SalesDate) VALUES ('10527', '25109', 'AC1131', '5689', '5/24/18');
INSERT INTO revenue (ClientID, ProductID, OrderId, Revenue, SalesDate) VALUES ('21927', '25083', 'AB1132', '6822', '5/24/18');
INSERT INTO revenue (ClientID, ProductID, OrderId, Revenue, SalesDate) VALUES ('33220', '25091', 'AB1129', '5849', '5/22/18');
INSERT INTO revenue (ClientID, ProductID, OrderId, Revenue, SalesDate) VALUES ('94156', '25083', 'AB1130', '5249', '5/22/18');
INSERT INTO revenue (ClientID, ProductID, OrderId, Revenue, SalesDate) VALUES ('94051', '25074', 'AB1127', '6863', '5/21/18');
INSERT INTO revenue (ClientID, ProductID, OrderId, Revenue, SalesDate) VALUES ('94131', '25074', 'AB1128', '6863', '5/21/18');
INSERT INTO revenue (ClientID, ProductID, OrderId, Revenue, SalesDate) VALUES ('43429', '25022', 'AC1126', '4362', '5/17/18');
INSERT INTO revenue (ClientID, ProductID, OrderId, Revenue, SalesDate) VALUES ('21927', '25046', 'AC1123', '9988', '5/16/18');
INSERT INTO revenue (ClientID, ProductID, OrderId, Revenue, SalesDate) VALUES ('60327', '25023', 'AB1124', '6595', '5/16/18');
INSERT INTO revenue (ClientID, ProductID, OrderId, Revenue, SalesDate) VALUES ('94051', '25023', 'AB1125', '6595', '5/16/18');
INSERT INTO revenue (ClientID, ProductID, OrderId, Revenue, SalesDate) VALUES ('94056', '25083', 'AB1121', '3993', '5/15/18');
INSERT INTO revenue (ClientID, ProductID, OrderId, Revenue, SalesDate) VALUES ('94105', '25091', 'AB1122', '3496', '5/15/18');
INSERT INTO revenue (ClientID, ProductID, OrderId, Revenue, SalesDate) VALUES ('21927', '25046', 'AB1119', '6352', '5/10/18');
INSERT INTO revenue (ClientID, ProductID, OrderId, Revenue, SalesDate) VALUES ('94070', '25023', 'AB1120', '6141', '5/10/18');
INSERT INTO revenue (ClientID, ProductID, OrderId, Revenue, SalesDate) VALUES ('72377', '25171', 'AB1117', '6968', '5/9/18');
INSERT INTO revenue (ClientID, ProductID, OrderId, Revenue, SalesDate) VALUES ('94051', '25171', 'AB1118', '6968', '5/9/18');
INSERT INTO revenue (ClientID, ProductID, OrderId, Revenue, SalesDate) VALUES ('90897', '25091', 'AB1116', '3569', '5/8/18');
INSERT INTO revenue (ClientID, ProductID, OrderId, Revenue, SalesDate) VALUES ('10527', '25175', 'AB1115', '5739', '5/4/18');
INSERT INTO revenue (ClientID, ProductID, OrderId, Revenue, SalesDate) VALUES ('21927', '25074', 'AB1114', '6916', '4/30/18');
INSERT INTO revenue (ClientID, ProductID, OrderId, Revenue, SalesDate) VALUES ('71739', '25091', 'AB1110', '3678', '4/27/18');
INSERT INTO revenue (ClientID, ProductID, OrderId, Revenue, SalesDate) VALUES ('94051', '25110', 'AB1111', '6920', '4/27/18');
INSERT INTO revenue (ClientID, ProductID, OrderId, Revenue, SalesDate) VALUES ('94083', '25110', 'AB1112', '6920', '4/27/18');
INSERT INTO revenue (ClientID, ProductID, OrderId, Revenue, SalesDate) VALUES ('94122', '25083', 'AB1113', '4541', '4/27/18');
INSERT INTO revenue (ClientID, ProductID, OrderId, Revenue, SalesDate) VALUES ('10527', '25109', 'AB1108', '5390', '4/26/18');
INSERT INTO revenue (ClientID, ProductID, OrderId, Revenue, SalesDate) VALUES ('10527', '25109', 'AB1109', '5527', '4/26/18');
INSERT INTO revenue (ClientID, ProductID, OrderId, Revenue, SalesDate) VALUES ('88700', '25109', 'AB1106', '5147', '4/25/18');
INSERT INTO revenue (ClientID, ProductID, OrderId, Revenue, SalesDate) VALUES ('94073', '25091', 'AB1107', '5844', '4/25/18');
INSERT INTO revenue (ClientID, ProductID, OrderId, Revenue, SalesDate) VALUES ('21927', '25171', 'AB1104', '6932', '4/23/18');
INSERT INTO revenue (ClientID, ProductID, OrderId, Revenue, SalesDate) VALUES ('75712', '25091', 'AB1105', '5823', '4/23/18');
INSERT INTO revenue (ClientID, ProductID, OrderId, Revenue, SalesDate) VALUES ('10527', '25109', 'AB1103', '5661', '4/20/18');
INSERT INTO revenue (ClientID, ProductID, OrderId, Revenue, SalesDate) VALUES ('94073', '25022', 'AC1102', '4242', '4/19/18');
INSERT INTO revenue (ClientID, ProductID, OrderId, Revenue, SalesDate) VALUES ('94051', '25022', 'AB1100', '6720', '4/18/18');
INSERT INTO revenue (ClientID, ProductID, OrderId, Revenue, SalesDate) VALUES ('94111', '25022', 'AB1101', '6720', '4/18/18');
INSERT INTO revenue (ClientID, ProductID, OrderId, Revenue, SalesDate) VALUES ('21927', '25110', 'AC1098', '9912', '4/13/18');
INSERT INTO revenue (ClientID, ProductID, OrderId, Revenue, SalesDate) VALUES ('51444', '25171', 'AB1099', '3442', '4/13/18');
INSERT INTO revenue (ClientID, ProductID, OrderId, Revenue, SalesDate) VALUES ('21927', '25171', 'AC1096', '6661', '4/10/18');
INSERT INTO revenue (ClientID, ProductID, OrderId, Revenue, SalesDate) VALUES ('94153', '25083', 'AB1097', '5216', '4/10/18');
INSERT INTO revenue (ClientID, ProductID, OrderId, Revenue, SalesDate) VALUES ('10527', '25074', 'AB1093', '5417', '4/9/18');
INSERT INTO revenue (ClientID, ProductID, OrderId, Revenue, SalesDate) VALUES ('75878', '25074', 'AC1094', '4078', '4/9/18');
INSERT INTO revenue (ClientID, ProductID, OrderId, Revenue, SalesDate) VALUES ('94129', '25022', 'AC1095', '5130', '4/9/18');
INSERT INTO revenue (ClientID, ProductID, OrderId, Revenue, SalesDate) VALUES ('26001', '25083', 'AB1091', '4680', '4/6/18');
INSERT INTO revenue (ClientID, ProductID, OrderId, Revenue, SalesDate) VALUES ('94136', '25091', 'AC1092', '5972', '4/6/18');
INSERT INTO revenue (ClientID, ProductID, OrderId, Revenue, SalesDate) VALUES ('94127', '25083', 'AC1090', '4568', '4/5/18');
INSERT INTO revenue (ClientID, ProductID, OrderId, Revenue, SalesDate) VALUES ('94051', '25083', 'AC1088', '6584', '4/4/18');
INSERT INTO revenue (ClientID, ProductID, OrderId, Revenue, SalesDate) VALUES ('94111', '25083', 'AC1089', '6584', '4/4/18');
INSERT INTO revenue (ClientID, ProductID, OrderId, Revenue, SalesDate) VALUES ('94075', '25171', 'AB1087', '3306', '4/3/18');
INSERT INTO revenue (ClientID, ProductID, OrderId, Revenue, SalesDate) VALUES ('64915', '25074', 'AB1085', '6249', '3/29/18');
INSERT INTO revenue (ClientID, ProductID, OrderId, Revenue, SalesDate) VALUES ('94051', '25074', 'AB1086', '6249', '3/29/18');
INSERT INTO revenue (ClientID, ProductID, OrderId, Revenue, SalesDate) VALUES ('94088', '25175', 'AB1084', '3084', '3/26/18');
INSERT INTO revenue (ClientID, ProductID, OrderId, Revenue, SalesDate) VALUES ('94140', '25022', 'AB1083', '3952', '3/23/18');
INSERT INTO revenue (ClientID, ProductID, OrderId, Revenue, SalesDate) VALUES ('11518', '25046', 'AB1081', '3680', '3/20/18');
INSERT INTO revenue (ClientID, ProductID, OrderId, Revenue, SalesDate) VALUES ('58731', '25175', 'AB1082', '5092', '3/20/18');
INSERT INTO revenue (ClientID, ProductID, OrderId, Revenue, SalesDate) VALUES ('61285', '25023', 'AB1080', '6092', '3/19/18');
INSERT INTO revenue (ClientID, ProductID, OrderId, Revenue, SalesDate) VALUES ('94088', '25091', 'AB1079', '3553', '3/15/18');
INSERT INTO revenue (ClientID, ProductID, OrderId, Revenue, SalesDate) VALUES ('51760', '25083', 'AB1078', '4482', '3/12/18');
INSERT INTO revenue (ClientID, ProductID, OrderId, Revenue, SalesDate) VALUES ('33740', '25091', 'AB1077', '3679', '3/8/18');
INSERT INTO revenue (ClientID, ProductID, OrderId, Revenue, SalesDate) VALUES ('94110', '25150', 'AB1076', '3173', '3/5/18');
INSERT INTO revenue (ClientID, ProductID, OrderId, Revenue, SalesDate) VALUES ('65315', '25109', 'AB1075', '6136', '3/2/18');
INSERT INTO revenue (ClientID, ProductID, OrderId, Revenue, SalesDate) VALUES ('94074', '25150', 'AB1074', '483', '2/28/18');
INSERT INTO revenue (ClientID, ProductID, OrderId, Revenue, SalesDate) VALUES ('26875', '25091', 'AB1073', '5884', '2/27/18');
INSERT INTO revenue (ClientID, ProductID, OrderId, Revenue, SalesDate) VALUES ('92671', '25109', 'AB1071', '3333', '2/26/18');
INSERT INTO revenue (ClientID, ProductID, OrderId, Revenue, SalesDate) VALUES ('94109', '25150', 'AB1072', '6080', '2/26/18');
INSERT INTO revenue (ClientID, ProductID, OrderId, Revenue, SalesDate) VALUES ('91657', '25091', 'AB1070', '5917', '2/23/18');
INSERT INTO revenue (ClientID, ProductID, OrderId, Revenue, SalesDate) VALUES ('94051', '25150', 'AB1068', '6725', '2/22/18');
INSERT INTO revenue (ClientID, ProductID, OrderId, Revenue, SalesDate) VALUES ('94098', '25150', 'AB1069', '6725', '2/22/18');
INSERT INTO revenue (ClientID, ProductID, OrderId, Revenue, SalesDate) VALUES ('94102', '25022', 'AB1067', '3002', '2/20/18');
INSERT INTO revenue (ClientID, ProductID, OrderId, Revenue, SalesDate) VALUES ('94051', '25022', 'AB1065', '6898', '2/19/18');
INSERT INTO revenue (ClientID, ProductID, OrderId, Revenue, SalesDate) VALUES ('94142', '25022', 'AB1066', '6898', '2/19/18');
INSERT INTO revenue (ClientID, ProductID, OrderId, Revenue, SalesDate) VALUES ('94073', '25074', 'AB1064', '5302', '2/16/18');
INSERT INTO revenue (ClientID, ProductID, OrderId, Revenue, SalesDate) VALUES ('51444', '25091', 'AB1062', '5855', '2/15/18');
INSERT INTO revenue (ClientID, ProductID, OrderId, Revenue, SalesDate) VALUES ('94130', '25074', 'AB1063', '4164', '2/15/18');
INSERT INTO revenue (ClientID, ProductID, OrderId, Revenue, SalesDate) VALUES ('71567', '25091', 'AB1061', '5850', '2/14/18');
INSERT INTO revenue (ClientID, ProductID, OrderId, Revenue, SalesDate) VALUES ('10527', '25046', 'AB1059', '5436', '2/13/18');
INSERT INTO revenue (ClientID, ProductID, OrderId, Revenue, SalesDate) VALUES ('94105', '25083', 'AB1060', '3097', '2/13/18');
INSERT INTO revenue (ClientID, ProductID, OrderId, Revenue, SalesDate) VALUES ('69636', '25110', 'AB1057', '6902', '2/12/18');
INSERT INTO revenue (ClientID, ProductID, OrderId, Revenue, SalesDate) VALUES ('94051', '25110', 'AB1058', '6902', '2/12/18');
INSERT INTO revenue (ClientID, ProductID, OrderId, Revenue, SalesDate) VALUES ('75712', '25083', 'AB1054', '5033', '2/8/18');
INSERT INTO revenue (ClientID, ProductID, OrderId, Revenue, SalesDate) VALUES ('94051', '25023', 'AB1055', '6381', '2/8/18');
INSERT INTO revenue (ClientID, ProductID, OrderId, Revenue, SalesDate) VALUES ('94086', '25023', 'AB1056', '6381', '2/8/18');
INSERT INTO revenue (ClientID, ProductID, OrderId, Revenue, SalesDate) VALUES ('10527', '25046', 'AB1053', '5668', '2/7/18');
INSERT INTO revenue (ClientID, ProductID, OrderId, Revenue, SalesDate) VALUES ('10527', '25175', 'AB1052', '5441', '2/6/18');
INSERT INTO revenue (ClientID, ProductID, OrderId, Revenue, SalesDate) VALUES ('21927', '25171', 'AB1050', '6481', '2/5/18');
INSERT INTO revenue (ClientID, ProductID, OrderId, Revenue, SalesDate) VALUES ('69636', '25091', 'AB1051', '5871', '2/5/18');
INSERT INTO revenue (ClientID, ProductID, OrderId, Revenue, SalesDate) VALUES ('92671', '25022', 'AB1049', '4226', '2/1/18');
INSERT INTO revenue (ClientID, ProductID, OrderId, Revenue, SalesDate) VALUES ('10527', '25175', 'AB1048', '5362', '1/31/18');
INSERT INTO revenue (ClientID, ProductID, OrderId, Revenue, SalesDate) VALUES ('88700', '25091', 'AB1047', '6107', '1/29/18');
INSERT INTO revenue (ClientID, ProductID, OrderId, Revenue, SalesDate) VALUES ('94051', '25091', 'AB1045', '6911', '1/26/18');
INSERT INTO revenue (ClientID, ProductID, OrderId, Revenue, SalesDate) VALUES ('94110', '25091', 'AB1046', '6911', '1/26/18');
INSERT INTO revenue (ClientID, ProductID, OrderId, Revenue, SalesDate) VALUES ('18850', '25109', 'AB1044', '3540', '1/25/18');
INSERT INTO revenue (ClientID, ProductID, OrderId, Revenue, SalesDate) VALUES ('76171', '25150', 'AB1043', '3067', '1/24/18');
INSERT INTO revenue (ClientID, ProductID, OrderId, Revenue, SalesDate) VALUES ('75712', '25110', 'AB1041', '6662', '1/22/18');
INSERT INTO revenue (ClientID, ProductID, OrderId, Revenue, SalesDate) VALUES ('94051', '25110', 'AB1042', '6662', '1/22/18');
INSERT INTO revenue (ClientID, ProductID, OrderId, Revenue, SalesDate) VALUES ('94091', '25091', 'AB1040', '4402', '1/18/18');
INSERT INTO revenue (ClientID, ProductID, OrderId, Revenue, SalesDate) VALUES ('16770', '25091', 'AB1039', '5968', '1/17/18');
INSERT INTO revenue (ClientID, ProductID, OrderId, Revenue, SalesDate) VALUES ('94072', '25023', 'AB1038', '3907', '1/16/18');
INSERT INTO revenue (ClientID, ProductID, OrderId, Revenue, SalesDate) VALUES ('94128', '25083', 'AB1037', '4521', '1/11/18');
INSERT INTO revenue (ClientID, ProductID, OrderId, Revenue, SalesDate) VALUES ('10527', '25150', 'AB1036', '3884', '1/5/18');
INSERT INTO revenue (ClientID, ProductID, OrderId, Revenue, SalesDate) VALUES ('94116', '25091', 'AB1035', '5980', '1/4/18');
INSERT INTO revenue (ClientID, ProductID, OrderId, Revenue, SalesDate) VALUES ('18105', '25091', 'AB1034', '5941', '1/2/18');
INSERT INTO revenue (ClientID, ProductID, OrderId, Revenue, SalesDate) VALUES ('59805', '25046', 'AB1033', '3582', '1/1/18');
INSERT INTO revenue (ClientID, ProductID, OrderId, Revenue, SalesDate) VALUES ('69636', '25110', 'AB1032', '6045', '12/19/17');
INSERT INTO revenue (ClientID, ProductID, OrderId, Revenue, SalesDate) VALUES ('94070', '25046', 'AB1031', '6046', '12/18/17');
INSERT INTO revenue (ClientID, ProductID, OrderId, Revenue, SalesDate) VALUES ('51444', '25074', 'AB1029', '6487', '11/29/17');
INSERT INTO revenue (ClientID, ProductID, OrderId, Revenue, SalesDate) VALUES ('94051', '25074', 'AB1030', '6487', '11/29/17');
INSERT INTO revenue (ClientID, ProductID, OrderId, Revenue, SalesDate) VALUES ('71567', '25109', 'AB1028', '6133', '11/27/17');
INSERT INTO revenue (ClientID, ProductID, OrderId, Revenue, SalesDate) VALUES ('94130', '25074', 'AB1027', '6143', '11/21/17');
INSERT INTO revenue (ClientID, ProductID, OrderId, Revenue, SalesDate) VALUES ('58731', '25074', 'AB1025', '6489', '11/17/17');
INSERT INTO revenue (ClientID, ProductID, OrderId, Revenue, SalesDate) VALUES ('94051', '25074', 'AB1026', '6489', '11/17/17');
INSERT INTO revenue (ClientID, ProductID, OrderId, Revenue, SalesDate) VALUES ('63742', '25083', 'AB1023', '6494', '11/7/17');
INSERT INTO revenue (ClientID, ProductID, OrderId, Revenue, SalesDate) VALUES ('94051', '25083', 'AB1024', '6494', '11/7/17');
INSERT INTO revenue (ClientID, ProductID, OrderId, Revenue, SalesDate) VALUES ('19696', '25109', 'AB1022', '5261', '11/3/17');
INSERT INTO revenue (ClientID, ProductID, OrderId, Revenue, SalesDate) VALUES ('91657', '25022', 'AB1021', '5302', '11/1/17');
INSERT INTO revenue (ClientID, ProductID, OrderId, Revenue, SalesDate) VALUES ('14740', '25091', 'AB1019', '7086', '10/29/17');
INSERT INTO revenue (ClientID, ProductID, OrderId, Revenue, SalesDate) VALUES ('94051', '25091', 'AB1020', '7086', '10/29/17');
INSERT INTO revenue (ClientID, ProductID, OrderId, Revenue, SalesDate) VALUES ('10527', '25150', 'AB1018', '5320', '10/23/17');
INSERT INTO revenue (ClientID, ProductID, OrderId, Revenue, SalesDate) VALUES ('10527', '25074', 'AB1015', '5356', '10/20/17');
INSERT INTO revenue (ClientID, ProductID, OrderId, Revenue, SalesDate) VALUES ('94051', '25175', 'AB1016', '6496', '10/20/17');
INSERT INTO revenue (ClientID, ProductID, OrderId, Revenue, SalesDate) VALUES ('94101', '25175', 'AB1017', '6496', '10/20/17');
INSERT INTO revenue (ClientID, ProductID, OrderId, Revenue, SalesDate) VALUES ('94142', '25022', 'AB1014', '6152', '10/19/17');
INSERT INTO revenue (ClientID, ProductID, OrderId, Revenue, SalesDate) VALUES ('21345', '25083', 'AB1011', '6509', '10/17/17');
INSERT INTO revenue (ClientID, ProductID, OrderId, Revenue, SalesDate) VALUES ('94051', '25083', 'AB1012', '6509', '10/17/17');
INSERT INTO revenue (ClientID, ProductID, OrderId, Revenue, SalesDate) VALUES ('94098', '25150', 'AB1013', '6176', '10/17/17');
INSERT INTO revenue (ClientID, ProductID, OrderId, Revenue, SalesDate) VALUES ('10527', '25171', 'AB1008', '5364', '10/4/17');
INSERT INTO revenue (ClientID, ProductID, OrderId, Revenue, SalesDate) VALUES ('94051', '25083', 'AB1009', '6546', '10/4/17');
INSERT INTO revenue (ClientID, ProductID, OrderId, Revenue, SalesDate) VALUES ('94139', '25083', 'AB1010', '6546', '10/4/17');
INSERT INTO revenue (ClientID, ProductID, OrderId, Revenue, SalesDate) VALUES ('94109', '25150', 'AB1007', '6187', '10/3/17');
INSERT INTO revenue (ClientID, ProductID, OrderId, Revenue, SalesDate) VALUES ('94051', '25175', 'AB1005', '6566', '9/29/17');
INSERT INTO revenue (ClientID, ProductID, OrderId, Revenue, SalesDate) VALUES ('94086', '25175', 'AB1006', '6566', '9/29/17');
INSERT INTO revenue (ClientID, ProductID, OrderId, Revenue, SalesDate) VALUES ('26875', '25175', 'AB1004', '6214', '9/27/17');
INSERT INTO revenue (ClientID, ProductID, OrderId, Revenue, SalesDate) VALUES ('93816', '25023', 'AB1002', '6607', '9/21/17');
INSERT INTO revenue (ClientID, ProductID, OrderId, Revenue, SalesDate) VALUES ('94051', '25023', 'AB1003', '6607', '9/21/17');
INSERT INTO revenue (ClientID, ProductID, OrderId, Revenue, SalesDate) VALUES ('10527', '25083', 'AB1001', '5374', '9/19/17');
INSERT INTO revenue (ClientID, ProductID, OrderId, Revenue, SalesDate) VALUES ('10527', '25150', 'AB1000', '5380', '9/15/17');
INSERT INTO revenue (ClientID, ProductID, OrderId, Revenue, SalesDate) VALUES ('10527', '25046', 'AB999', '5398', '9/14/17');
INSERT INTO revenue (ClientID, ProductID, OrderId, Revenue, SalesDate) VALUES ('50473', '25171', 'AB998', '6215', '9/11/17');
INSERT INTO revenue (ClientID, ProductID, OrderId, Revenue, SalesDate) VALUES ('94051', '25074', 'AB996', '6662', '9/5/17');
INSERT INTO revenue (ClientID, ProductID, OrderId, Revenue, SalesDate) VALUES ('94153', '25074', 'AB997', '6662', '9/5/17');
INSERT INTO revenue (ClientID, ProductID, OrderId, Revenue, SalesDate) VALUES ('94051', '25083', 'AB994', '6669', '8/25/17');
INSERT INTO revenue (ClientID, ProductID, OrderId, Revenue, SalesDate) VALUES ('94146', '25083', 'AB995', '6669', '8/25/17');
INSERT INTO revenue (ClientID, ProductID, OrderId, Revenue, SalesDate) VALUES ('10527', '25083', 'AB993', '5462', '8/24/17');
INSERT INTO revenue (ClientID, ProductID, OrderId, Revenue, SalesDate) VALUES ('10527', '25110', 'AB992', '5512', '8/11/17');
INSERT INTO revenue (ClientID, ProductID, OrderId, Revenue, SalesDate) VALUES ('60327', '25023', 'AB990', '6235', '8/3/17');
INSERT INTO revenue (ClientID, ProductID, OrderId, Revenue, SalesDate) VALUES ('94051', '25023', 'AB991', '6235', '8/3/17');
INSERT INTO revenue (ClientID, ProductID, OrderId, Revenue, SalesDate) VALUES ('48475', '25091', 'AB988', '6236', '8/2/17');
INSERT INTO revenue (ClientID, ProductID, OrderId, Revenue, SalesDate) VALUES ('94051', '25091', 'AB989', '6236', '8/2/17');
INSERT INTO revenue (ClientID, ProductID, OrderId, Revenue, SalesDate) VALUES ('14039', '25109', 'AB986', '6271', '7/28/17');
INSERT INTO revenue (ClientID, ProductID, OrderId, Revenue, SalesDate) VALUES ('94051', '25109', 'AB987', '6271', '7/28/17');
INSERT INTO revenue (ClientID, ProductID, OrderId, Revenue, SalesDate) VALUES ('10527', '25150', 'AB985', '5531', '7/19/17');
INSERT INTO revenue (ClientID, ProductID, OrderId, Revenue, SalesDate) VALUES ('72483', '25171', 'AB983', '6676', '7/18/17');
INSERT INTO revenue (ClientID, ProductID, OrderId, Revenue, SalesDate) VALUES ('94051', '25171', 'AB984', '6676', '7/18/17');
INSERT INTO revenue (ClientID, ProductID, OrderId, Revenue, SalesDate) VALUES ('10527', '25110', 'AB982', '5542', '7/13/17');
INSERT INTO revenue (ClientID, ProductID, OrderId, Revenue, SalesDate) VALUES ('94051', '25022', 'AB980', '6300', '6/26/17');
INSERT INTO revenue (ClientID, ProductID, OrderId, Revenue, SalesDate) VALUES ('94073', '25022', 'AB981', '6300', '6/26/17');
INSERT INTO revenue (ClientID, ProductID, OrderId, Revenue, SalesDate) VALUES ('94051', '25091', 'AB978', '6700', '6/21/17');
INSERT INTO revenue (ClientID, ProductID, OrderId, Revenue, SalesDate) VALUES ('94156', '25091', 'AB979', '6700', '6/21/17');
INSERT INTO revenue (ClientID, ProductID, OrderId, Revenue, SalesDate) VALUES ('10527', '25023', 'AB977', '5561', '6/20/17');
INSERT INTO revenue (ClientID, ProductID, OrderId, Revenue, SalesDate) VALUES ('10527', '25023', 'AB976', '5661', '6/8/17');
INSERT INTO revenue (ClientID, ProductID, OrderId, Revenue, SalesDate) VALUES ('43429', '25022', 'AB974', '6704', '6/5/17');
INSERT INTO revenue (ClientID, ProductID, OrderId, Revenue, SalesDate) VALUES ('94051', '25022', 'AB975', '6704', '6/5/17');
INSERT INTO revenue (ClientID, ProductID, OrderId, Revenue, SalesDate) VALUES ('94091', '25091', 'AB973', '5013', '5/30/17');
INSERT INTO revenue (ClientID, ProductID, OrderId, Revenue, SalesDate) VALUES ('94051', '25074', 'AB971', '6303', '5/29/17');
INSERT INTO revenue (ClientID, ProductID, OrderId, Revenue, SalesDate) VALUES ('94056', '25074', 'AB972', '6303', '5/29/17');
INSERT INTO revenue (ClientID, ProductID, OrderId, Revenue, SalesDate) VALUES ('72483', '25091', 'AB969', '6258', '5/28/17');
INSERT INTO revenue (ClientID, ProductID, OrderId, Revenue, SalesDate) VALUES ('94051', '25091', 'AB970', '6258', '5/28/17');
INSERT INTO revenue (ClientID, ProductID, OrderId, Revenue, SalesDate) VALUES ('42510', '25150', 'AB967', '6716', '5/26/17');
INSERT INTO revenue (ClientID, ProductID, OrderId, Revenue, SalesDate) VALUES ('94051', '25150', 'AB968', '6716', '5/26/17');
INSERT INTO revenue (ClientID, ProductID, OrderId, Revenue, SalesDate) VALUES ('10527', '25091', 'AB966', '5775', '5/25/17');
INSERT INTO revenue (ClientID, ProductID, OrderId, Revenue, SalesDate) VALUES ('94074', '25109', 'AB965', '6726', '5/22/17');
INSERT INTO revenue (ClientID, ProductID, OrderId, Revenue, SalesDate) VALUES ('19696', '25023', 'AB964', '6738', '5/19/17');
INSERT INTO revenue (ClientID, ProductID, OrderId, Revenue, SalesDate) VALUES ('75712', '25083', 'AB962', '5033', '5/18/17');
INSERT INTO revenue (ClientID, ProductID, OrderId, Revenue, SalesDate) VALUES ('75712', '25110', 'AB963', '5818', '5/18/17');
INSERT INTO revenue (ClientID, ProductID, OrderId, Revenue, SalesDate) VALUES ('91657', '25022', 'AB961', '6738', '5/16/17');
INSERT INTO revenue (ClientID, ProductID, OrderId, Revenue, SalesDate) VALUES ('76171', '25109', 'AB960', '5090', '5/11/17');
INSERT INTO revenue (ClientID, ProductID, OrderId, Revenue, SalesDate) VALUES ('10527', '25109', 'AB959', '6741', '5/2/17');
INSERT INTO revenue (ClientID, ProductID, OrderId, Revenue, SalesDate) VALUES ('79610', '25175', 'AB958', '6305', '5/1/17');
INSERT INTO revenue (ClientID, ProductID, OrderId, Revenue, SalesDate) VALUES ('18850', '25175', 'AB957', '5106', '4/24/17');
INSERT INTO revenue (ClientID, ProductID, OrderId, Revenue, SalesDate) VALUES ('94110', '25110', 'AB956', '5144', '4/19/17');
INSERT INTO revenue (ClientID, ProductID, OrderId, Revenue, SalesDate) VALUES ('42615', '25074', 'AB954', '6761', '4/17/17');
INSERT INTO revenue (ClientID, ProductID, OrderId, Revenue, SalesDate) VALUES ('76171', '25091', 'AB955', '5836', '4/17/17');
INSERT INTO revenue (ClientID, ProductID, OrderId, Revenue, SalesDate) VALUES ('94105', '25074', 'AB953', '6325', '4/11/17');
INSERT INTO revenue (ClientID, ProductID, OrderId, Revenue, SalesDate) VALUES ('75878', '25074', 'AB952', '7116', '4/9/17');
INSERT INTO revenue (ClientID, ProductID, OrderId, Revenue, SalesDate) VALUES ('18850', '25091', 'AB951', '5838', '4/7/17');
INSERT INTO revenue (ClientID, ProductID, OrderId, Revenue, SalesDate) VALUES ('94136', '25171', 'AB950', '6338', '4/4/17');
INSERT INTO revenue (ClientID, ProductID, OrderId, Revenue, SalesDate) VALUES ('12946', '25022', 'AB949', '6356', '4/3/17');
INSERT INTO revenue (ClientID, ProductID, OrderId, Revenue, SalesDate) VALUES ('59430', '25023', 'AB948', '6382', '3/31/17');
INSERT INTO revenue (ClientID, ProductID, OrderId, Revenue, SalesDate) VALUES ('94110', '25091', 'AB947', '5875', '3/30/17');
INSERT INTO revenue (ClientID, ProductID, OrderId, Revenue, SalesDate) VALUES ('64915', '25091', 'AB946', '6402', '3/29/17');
INSERT INTO revenue (ClientID, ProductID, OrderId, Revenue, SalesDate) VALUES ('88700', '25109', 'AB945', '5147', '3/24/17');
INSERT INTO revenue (ClientID, ProductID, OrderId, Revenue, SalesDate) VALUES ('94129', '25022', 'AB944', '6404', '3/23/17');
INSERT INTO revenue (ClientID, ProductID, OrderId, Revenue, SalesDate) VALUES ('88700', '25091', 'AB943', '5887', '3/17/17');
INSERT INTO revenue (ClientID, ProductID, OrderId, Revenue, SalesDate) VALUES ('94147', '25091', 'AB942', '5891', '3/16/17');
INSERT INTO revenue (ClientID, ProductID, OrderId, Revenue, SalesDate) VALUES ('15280', '25109', 'AB941', '6849', '3/15/17');
INSERT INTO revenue (ClientID, ProductID, OrderId, Revenue, SalesDate) VALUES ('94147', '25109', 'AB940', '5157', '3/8/17');
INSERT INTO revenue (ClientID, ProductID, OrderId, Revenue, SalesDate) VALUES ('72377', '25110', 'AB937', '6426', '3/2/17');
INSERT INTO revenue (ClientID, ProductID, OrderId, Revenue, SalesDate) VALUES ('92671', '25110', 'AB938', '5216', '3/2/17');
INSERT INTO revenue (ClientID, ProductID, OrderId, Revenue, SalesDate) VALUES ('92671', '25091', 'AB939', '5910', '3/2/17');
INSERT INTO revenue (ClientID, ProductID, OrderId, Revenue, SalesDate) VALUES ('45366', '25109', 'AB936', '5216', '2/22/17');
INSERT INTO revenue (ClientID, ProductID, OrderId, Revenue, SalesDate) VALUES ('94153', '25083', 'AB935', '5216', '2/15/17');
INSERT INTO revenue (ClientID, ProductID, OrderId, Revenue, SalesDate) VALUES ('94146', '25022', 'AB934', '5221', '2/13/17');
INSERT INTO revenue (ClientID, ProductID, OrderId, Revenue, SalesDate) VALUES ('94111', '25022', 'AB933', '6920', '2/10/17');
INSERT INTO revenue (ClientID, ProductID, OrderId, Revenue, SalesDate) VALUES ('86467', '25083', 'AB932', '6449', '2/8/17');
INSERT INTO revenue (ClientID, ProductID, OrderId, Revenue, SalesDate) VALUES ('72483', '25074', 'AB931', '5239', '2/3/17');
INSERT INTO revenue (ClientID, ProductID, OrderId, Revenue, SalesDate) VALUES ('94156', '25083', 'AB930', '5249', '2/1/17');
INSERT INTO revenue (ClientID, ProductID, OrderId, Revenue, SalesDate) VALUES ('43429', '25074', 'AB929', '5254', '1/31/17');
INSERT INTO revenue (ClientID, ProductID, OrderId, Revenue, SalesDate) VALUES ('21227', '25022', 'AB928', '6945', '1/25/17');
INSERT INTO revenue (ClientID, ProductID, OrderId, Revenue, SalesDate) VALUES ('42510', '25150', 'AB927', '5257', '1/23/17');
INSERT INTO revenue (ClientID, ProductID, OrderId, Revenue, SalesDate) VALUES ('94074', '25150', 'AB926', '5260', '1/19/17');
INSERT INTO revenue (ClientID, ProductID, OrderId, Revenue, SalesDate) VALUES ('45366', '25175', 'AB925', '5980', '1/16/17');
INSERT INTO revenue (ClientID, ProductID, OrderId, Revenue, SalesDate) VALUES ('21927', '25074', 'AB923', '6953', '1/11/17');
INSERT INTO revenue (ClientID, ProductID, OrderId, Revenue, SalesDate) VALUES ('94127', '25046', 'AB924', '6029', '1/11/17');
INSERT INTO revenue (ClientID, ProductID, OrderId, Revenue, SalesDate) VALUES ('94082', '25175', 'AB922', '6453', '1/5/17');
INSERT INTO revenue (ClientID, ProductID, OrderId, Revenue, SalesDate) VALUES ('33220', '25074', 'AB921', '7071', '1/3/17');

INSERT INTO product (ProductID, ProductName, Category, Released) VALUES ('25083', 'Crosser', 'FLUX', '2015');
INSERT INTO product (ProductID, ProductName, Category, Released) VALUES ('25022', 'Minimizer', 'FLUX', '2015');
INSERT INTO product (ProductID, ProductName, Category, Released) VALUES ('25109', 'Maximizer', 'FLUX', '2016');
INSERT INTO product (ProductID, ProductName, Category, Released) VALUES ('25091', 'Optimizer', 'FLUX', '2016');
INSERT INTO product (ProductID, ProductName, Category, Released) VALUES ('25023', 'Capacitor', 'FLUX', '2018');
INSERT INTO product (ProductID, ProductName, Category, Released) VALUES ('25074', 'Warper', 'DARO', '2016');
INSERT INTO product (ProductID, ProductName, Category, Released) VALUES ('25150', 'Encoder', 'DARO', '2017');
INSERT INTO product (ProductID, ProductName, Category, Released) VALUES ('25175', 'Wobble', 'DARO', '2018');
INSERT INTO product (ProductID, ProductName, Category, Released) VALUES ('25171', 'Pulse', 'KENO', '2018');
INSERT INTO product (ProductID, ProductName, Category, Released) VALUES ('25110', 'Tilt', 'KENO', '2016');
INSERT INTO product (ProductID, ProductName, Category, Released) VALUES ('25046', 'Risen', 'KENO', '2017');

INSERT INTO nps (Name, Date, State, NPS) VALUES ('NN', '12/26/18', 'CA', '8');
INSERT INTO nps (Name, Date, State, NPS) VALUES ('NN', '12/25/18', 'CA', '7');
INSERT INTO nps (Name, Date, State, NPS) VALUES ('NN', '12/24/18', 'CA', '7');
INSERT INTO nps (Name, Date, State, NPS) VALUES ('NN', '12/21/18', 'CA', '10');
INSERT INTO nps (Name, Date, State, NPS) VALUES ('NN', '12/20/18', 'CA', '7');
INSERT INTO nps (Name, Date, State, NPS) VALUES ('NN', '12/18/18', 'CA', '10');
INSERT INTO nps (Name, Date, State, NPS) VALUES ('NN', '11/14/18', 'CA', '8');
INSERT INTO nps (Name, Date, State, NPS) VALUES ('NN', '10/13/18', 'CA', '7');
INSERT INTO nps (Name, Date, State, NPS) VALUES ('NN', '9/12/18', 'CA', '9');
INSERT INTO nps (Name, Date, State, NPS) VALUES ('NN', '12/11/18', 'CA', '7');
INSERT INTO nps (Name, Date, State, NPS) VALUES ('NN', '11/14/18', 'CA', '10');
INSERT INTO nps (Name, Date, State, NPS) VALUES ('NN', '9/10/18', 'CA', '9');
INSERT INTO nps (Name, Date, State, NPS) VALUES ('NN', '12/7/18', 'WA', '10');
INSERT INTO nps (Name, Date, State, NPS) VALUES ('NN', '10/15/18', 'WA', '10');
INSERT INTO nps (Name, Date, State, NPS) VALUES ('NN', '12/4/18', 'WA', '9');
INSERT INTO nps (Name, Date, State, NPS) VALUES ('NN', '10/15/18', 'WA', '9');
INSERT INTO nps (Name, Date, State, NPS) VALUES ('NN', '11/30/18', 'WA', '10');
INSERT INTO nps (Name, Date, State, NPS) VALUES ('NN', '11/29/18', 'WA', '10');
INSERT INTO nps (Name, Date, State, NPS) VALUES ('NN', '11/29/18', 'WA', '8');
INSERT INTO nps (Name, Date, State, NPS) VALUES ('NN', '11/27/18', 'WA', '8');
INSERT INTO nps (Name, Date, State, NPS) VALUES ('NN', '11/27/18', 'WA', '10');
INSERT INTO nps (Name, Date, State, NPS) VALUES ('NN', '11/26/18', 'WA', '4');
INSERT INTO nps (Name, Date, State, NPS) VALUES ('NN', '11/22/18', 'WA', '7');
INSERT INTO nps (Name, Date, State, NPS) VALUES ('NN', '11/20/18', 'WA', '7');
INSERT INTO nps (Name, Date, State, NPS) VALUES ('NN', '11/19/18', 'NV', '7');
INSERT INTO nps (Name, Date, State, NPS) VALUES ('NN', '11/15/18', 'NV', '8');
INSERT INTO nps (Name, Date, State, NPS) VALUES ('NN', '11/15/18', 'NV', '7');
INSERT INTO nps (Name, Date, State, NPS) VALUES ('NN', '12/10/18', 'NV', '10');
INSERT INTO nps (Name, Date, State, NPS) VALUES ('NN', '12/7/18', 'NV', '7');
INSERT INTO nps (Name, Date, State, NPS) VALUES ('NN', '12/5/18', 'NV', '8');
INSERT INTO nps (Name, Date, State, NPS) VALUES ('NN', '12/4/18', 'NV', '6');
INSERT INTO nps (Name, Date, State, NPS) VALUES ('NN', '11/30/18', 'NV', '8');
INSERT INTO nps (Name, Date, State, NPS) VALUES ('NN', '11/30/18', 'NV', '9');
INSERT INTO nps (Name, Date, State, NPS) VALUES ('NN', '11/29/18', 'NV', '10');
INSERT INTO nps (Name, Date, State, NPS) VALUES ('NN', '11/29/18', 'NV', '7');
INSERT INTO nps (Name, Date, State, NPS) VALUES ('NN', '11/27/18', 'NV', '7');
INSERT INTO nps (Name, Date, State, NPS) VALUES ('NN', '9/27/18', 'NV', '8');
INSERT INTO nps (Name, Date, State, NPS) VALUES ('NN', '11/26/18', 'NV', '9');
INSERT INTO nps (Name, Date, State, NPS) VALUES ('NN', '9/27/18', 'NV', '7');
INSERT INTO nps (Name, Date, State, NPS) VALUES ('NN', '11/20/18', 'NV', '8');
INSERT INTO nps (Name, Date, State, NPS) VALUES ('NN', '10/15/18', 'NV', '6');
INSERT INTO nps (Name, Date, State, NPS) VALUES ('NN', '10/15/18', 'NV', '10');
INSERT INTO nps (Name, Date, State, NPS) VALUES ('NN', '12/10/18', 'NV', '7');